02636,STANDARD,CENTERVILLE,MA,41.639999,-70.339996
02239,UNIQUE,COM/ENERGY SERVICES,MA,42.360001,-71.099998
02239,UNIQUE,CAMBRIDGE,MA,42.360001,-71.099998
02216,UNIQUE,JOHN HANCOCK P O BOX 192,MA,42.340000,-71.070000
02216,UNIQUE,BOSTON,MA,42.340000,-71.070000
02207,UNIQUE,BOSTON,MA,42.349998,-71.050003
02207,UNIQUE,BELL ATLANTIC TELEPHONE CO,MA,42.349998,-71.050003
02031,STANDARD,EAST MANSFIELD,MA,42.020000,-71.169998
02031,STANDARD,E MANSFIELD,MA,42.020000,-71.169998
02031,STANDARD,MANSFIELD,MA,42.020000,-71.169998
01808,UNIQUE,AT&T,MA,42.500000,-71.120003
01808,UNIQUE,WOBURN,MA,42.500000,-71.120003
01806,UNIQUE,WOBURN,MA,42.470001,-71.150002
01806,UNIQUE,AT&T,MA,42.470001,-71.150002
01195,STANDARD,SPRINGFIELD,MA,42.099998,-72.580002
01195,STANDARD,SPRINGFIELD BMC,MA,42.099998,-72.580002
01133,UNIQUE,MONARCH LIFE INS CO,MA,42.099998,-72.589996
01133,UNIQUE,SPRINGFIELD,MA,42.099998,-72.589996
01098,STANDARD,WORTHINGTON,MA,42.410000,-72.930000
01270,STANDARD,EAST WINDSOR,MA,42.509998,-73.040001
01270,STANDARD,WINDSOR,MA,42.509998,-73.040001
01267,STANDARD,WMSTOWN,MA,42.700001,-73.199997
01267,STANDARD,WILLIAMSTN,MA,42.700001,-73.199997
01267,STANDARD,WILLIAMSTOWN,MA,42.700001,-73.199997
01096,STANDARD,SOUTH CHESTERFIELD,MA,42.400002,-72.709999
01096,STANDARD,S CHESTERFIELD,MA,42.400002,-72.709999
01096,STANDARD,WILLIAMSBURG,MA,42.400002,-72.709999
01095,STANDARD,WILBRAHAM,MA,42.130001,-72.430000
01094,INVALID,WHEELWRIGHT,MA,42.349998,-72.139999
01093,INVALID,WHATELY,MA,42.450001,-72.610001
01266,STANDARD,WEST STOCKBRIDGE CENTER,MA,42.310001,-73.389999
01266,STANDARD,INTERLAKEN,MA,42.310001,-73.389999
01266,STANDARD,W STOCKBRIDGE,MA,42.310001,-73.389999
01266,STANDARD,ALFORD,MA,42.310001,-73.389999
01266,STANDARD,WEST STOCKBRIDGE,MA,42.310001,-73.389999
01090,INVALID,W SPRINGFIELD,MA,42.119999,-72.650002
01090,INVALID,WEST SPRINGFIELD,MA,42.119999,-72.650002
01089,STANDARD,WEST SPRINGFLD,MA,42.119999,-72.650002
01089,STANDARD,W SPRINGFIELD,MA,42.119999,-72.650002
01089,STANDARD,WEST SPRINGFIELD,MA,42.119999,-72.650002
02791,INVALID,WESTPORT PT,MA,41.520000,-71.070000
02791,INVALID,WESTPORT POINT,MA,41.520000,-71.070000
02790,STANDARD,HORSENECK BEACH,MA,41.660000,-71.099998
02790,STANDARD,WESTPORT,MA,41.660000,-71.099998
01086,INVALID,WESTFIELD,MA,42.130001,-72.750000
01085,STANDARD,MONTGOMERY,MA,42.130001,-72.750000
01085,STANDARD,WESTFIELD,MA,42.130001,-72.750000
01380,STANDARD,WENDELL DEPOT,MA,42.580002,-72.370003
01379,STANDARD,WENDELL,MA,42.549999,-72.400002
01092,INVALID,W WARREN,MA,42.200001,-72.199997
01092,INVALID,WEST WARREN,MA,42.200001,-72.199997
01083,INVALID,WARREN,MA,42.209999,-72.190002
01082,STANDARD,HARDWICK,MA,42.250000,-72.239998
01082,STANDARD,WARE,MA,42.250000,-72.239998
01081,STANDARD,WALES,MA,42.060001,-72.209999
01376,STANDARD,TURNERS FALLS,MA,42.590000,-72.550003
01354,STANDARD,NORTHFIELD MT HERMON,MA,42.700001,-72.430000
01354,STANDARD,NORTHFIELD MOUNT HERMON,MA,42.700001,-72.430000
01354,STANDARD,MT HERMON,MA,42.700001,-72.430000
01354,STANDARD,MOUNT HERMON,MA,42.700001,-72.430000
01354,STANDARD,GILL,MA,42.700001,-72.430000
01349,STANDARD,TURNERS FALLS,MA,42.590000,-72.550003
01349,STANDARD,MILLERS FALLS,MA,42.590000,-72.550003
01080,STANDARD,THREE RIVERS,MA,42.180000,-72.370003
01079,INVALID,THORNDIKE,MA,42.180000,-72.330002
02783,UNIQUE,CHADWICKS,MA,41.900002,-71.089996
02783,UNIQUE,TAUNTON,MA,41.900002,-71.089996
02780,STANDARD,TAUNTON,MA,41.900002,-71.089996
02779,STANDARD,BERKLEY,MA,41.849998,-71.080002
02718,STANDARD,TAUNTON,MA,41.869999,-71.010002
02718,STANDARD,EAST TAUNTON,MA,41.869999,-71.010002
02777,STANDARD,SWANSEA,MA,41.750000,-71.180000
01375,STANDARD,SUNDERLAND,MA,42.459999,-72.580002
01263,UNIQUE,MARION FATHERS,MA,42.299999,-73.320000
01263,UNIQUE,MARIAN HELPERS,MA,42.299999,-73.320000
01263,UNIQUE,ASSOC OF MARIAN HELPERS,MA,42.299999,-73.320000
01263,UNIQUE,STOCKBRIDGE,MA,42.299999,-73.320000
01262,INVALID,STOCKBRIDGE,MA,42.299999,-73.320000
01199,UNIQUE,SPFLD,MA,42.110001,-72.529999
01199,UNIQUE,BAYSTATE MEDICAL,MA,42.110001,-72.529999
01199,UNIQUE,SPRINGFIELD,MA,42.110001,-72.529999
01152,STANDARD,GENERAL MAIL FACILITY-BMC,MA,42.110001,-72.529999
01152,STANDARD,SPRINGFIELD,MA,42.110001,-72.529999
01151,STANDARD,SPFLD,MA,42.150002,-72.510002
01151,STANDARD,SPRINGFIELD,MA,42.150002,-72.510002
01151,STANDARD,INDIAN ORCH,MA,42.150002,-72.510002
01151,STANDARD,INDIAN ORCHARD,MA,42.150002,-72.510002
01144,STANDARD,SPRINGFIELD,MA,42.110001,-72.529999
01139,INVALID,SPFLD,MA,42.110001,-72.529999
01139,INVALID,SPRINGFIELD,MA,42.110001,-72.529999
01138,INVALID,SPFLD,MA,42.110001,-72.529999
01138,INVALID,SPRINGFIELD,MA,42.110001,-72.529999
01129,STANDARD,SPFLD,MA,42.110001,-72.529999
01129,STANDARD,SPRINGFIELD,MA,42.110001,-72.529999
01128,STANDARD,SPFLD,MA,42.110001,-72.529999
01128,STANDARD,SPRINGFIELD,MA,42.110001,-72.529999
01119,STANDARD,SPFLD,MA,42.110001,-72.529999
01119,STANDARD,SPRINGFIELD,MA,42.110001,-72.529999
01118,STANDARD,SPFLD,MA,42.110001,-72.529999
01118,STANDARD,SPRINGFIELD,MA,42.110001,-72.529999
01115,INVALID,BAY STATE W TOWER,MA,42.110001,-72.529999
01115,INVALID,SPRINGFIELD,MA,42.110001,-72.529999
01111,UNIQUE,MASS MUTUAL LIFE INS CO,MA,42.110001,-72.529999
01111,UNIQUE,SPRINGFIELD,MA,42.110001,-72.529999
01109,STANDARD,SPFLD,MA,42.110001,-72.529999
01109,STANDARD,SPRINGFIELD,MA,42.110001,-72.529999
01108,STANDARD,SPFLD,MA,42.110001,-72.529999
01108,STANDARD,SPRINGFIELD,MA,42.110001,-72.529999
01107,STANDARD,SPFLD,MA,42.110001,-72.529999
01107,STANDARD,BRIGHTWOOD,MA,42.110001,-72.529999
01107,STANDARD,SPRINGFIELD,MA,42.110001,-72.529999
01105,STANDARD,SPFLD,MA,42.110001,-72.529999
01105,STANDARD,SPRINGFIELD,MA,42.110001,-72.529999
01104,STANDARD,SPFLD,MA,42.110001,-72.529999
01104,STANDARD,SPRINGFIELD,MA,42.110001,-72.529999
01103,STANDARD,SPFLD,MA,42.110001,-72.529999
01103,STANDARD,SPRINGFIELD,MA,42.110001,-72.529999
01102,INVALID,SPFLD,MA,42.110001,-72.529999
01102,INVALID,SPRINGFIELD,MA,42.110001,-72.529999
01101,INVALID,SPFLD,MA,42.110001,-72.529999
01101,INVALID,SPRINGFIELD,MA,42.110001,-72.529999
01077,STANDARD,SOUTHWICK,MA,42.049999,-72.760002
01260,INVALID,SOUTH LEE,MA,42.299999,-73.230003
01075,STANDARD,SOUTH HADLEY FALLS,MA,42.259998,-72.559998
01075,STANDARD,SO HADLEY,MA,42.259998,-72.559998
01075,STANDARD,S HADLEY,MA,42.259998,-72.559998
01075,STANDARD,SOUTH HADLEY,MA,42.259998,-72.559998
01259,STANDARD,SOUTHFIELD,MA,42.070000,-73.230003
01258,STANDARD,SO EGREMONT,MA,42.160000,-73.410004
01258,STANDARD,S EGREMONT,MA,42.160000,-73.410004
01258,STANDARD,MT WASHINGTON,MA,42.160000,-73.410004
01258,STANDARD,MOUNT WASHINGTON,MA,42.160000,-73.410004
01258,STANDARD,SOUTH EGREMONT,MA,42.160000,-73.410004
01252,INVALID,NO EGREMONT,MA,42.169998,-73.440002
01252,INVALID,N EGREMONT,MA,42.169998,-73.440002
01252,INVALID,NORTH EGREMONT,MA,42.169998,-73.440002
01373,STANDARD,WHATELY,MA,42.470001,-72.589996
01373,STANDARD,SO DEERFIELD,MA,42.470001,-72.589996
01373,STANDARD,S DEERFIELD,MA,42.470001,-72.589996
01373,STANDARD,SOUTH DEERFIELD,MA,42.470001,-72.589996
01074,INVALID,SOUTH BARRE,MA,42.380001,-72.089996
01073,STANDARD,SOUTHAMPTON,MA,42.230000,-72.730003
01072,STANDARD,SHUTESBURY,MA,42.450001,-72.400002
01370,STANDARD,SHELBURNE,MA,42.599998,-72.739998
01370,STANDARD,EAST CHARLEMONT,MA,42.599998,-72.739998
01370,STANDARD,BAPTIST CORNER,MA,42.599998,-72.739998
01370,STANDARD,SHELBURNE FLS,MA,42.599998,-72.739998
01370,STANDARD,SHELBURNE FALLS,MA,42.599998,-72.739998
01257,STANDARD,SHEFFIELD,MA,42.099998,-73.339996
02771,STANDARD,SEEKONK,MA,41.810001,-71.330002
01255,STANDARD,SOUTH SANDISFIELD,MA,42.110001,-73.129997
01255,STANDARD,SANDISFIELD,MA,42.110001,-73.129997
01097,INVALID,WORONOCO,MA,42.189999,-72.820000
01071,STANDARD,RUSSELL,MA,42.180000,-72.849998
01367,STANDARD,ZOAR,MA,42.700001,-72.900002
01367,STANDARD,HOOSAC TUNNEL,MA,42.700001,-72.900002
01367,STANDARD,ROWE,MA,42.700001,-72.900002
01350,INVALID,MONROE,MA,42.720001,-72.980003
01350,INVALID,MONROE BRIDGE,MA,42.720001,-72.980003
02770,STANDARD,ROCHESTER,MA,41.730000,-70.809998
01254,STANDARD,RICHMOND,MA,42.369999,-73.360001
02769,STANDARD,REHOBOTH,MA,41.830002,-71.260002
02768,INVALID,RAYNHAM,MA,41.930000,-71.040001
02768,INVALID,RAYNHAM CTR,MA,41.930000,-71.040001
02768,INVALID,RAYNHAM CENTER,MA,41.930000,-71.040001
02767,STANDARD,RAYNHAM,MA,41.930000,-71.040001
01070,STANDARD,PLAINFIELD,MA,42.509998,-72.910004
01203,INVALID,PITTSFIELD,MA,42.450001,-73.260002
01202,INVALID,PITTSFIELD,MA,42.450001,-73.260002
01201,STANDARD,ALLENDALE,MA,42.450001,-73.260002
01201,STANDARD,PITTSFIELD,MA,42.450001,-73.260002
01366,STANDARD,PETERSHAM,MA,42.480000,-72.180000
01069,STANDARD,PALMER,MA,42.160000,-72.320000
01253,STANDARD,NORTH OTIS,MA,42.189999,-73.070000
01253,STANDARD,COLD SPRING,MA,42.189999,-73.070000
01253,STANDARD,OTIS,MA,42.189999,-73.070000
01378,STANDARD,ORANGE,MA,42.680000,-72.330002
01378,STANDARD,WARWICK,MA,42.680000,-72.330002
01364,STANDARD,NORTH ORANGE,MA,42.590000,-72.300003
01364,STANDARD,NEW SALEM,MA,42.590000,-72.300003
01364,STANDARD,N ORANGE,MA,42.590000,-72.300003
01364,STANDARD,LAKE MATTAWA,MA,42.590000,-72.300003
01364,STANDARD,EAGLEVILLE,MA,42.590000,-72.300003
01364,STANDARD,BLISSVILLE,MA,42.590000,-72.300003
01364,STANDARD,WARWICK,MA,42.590000,-72.300003
01364,STANDARD,ORANGE,MA,42.590000,-72.300003
01355,STANDARD,ORANGE,MA,42.500000,-72.330002
01355,STANDARD,NEW SALEM,MA,42.500000,-72.330002
01068,STANDARD,OAKHAM,MA,42.349998,-72.050003
02766,STANDARD,NORTON,MA,41.959999,-71.180000
01066,INVALID,NO HATFIELD,MA,42.400002,-72.599998
01066,INVALID,N HATFIELD,MA,42.400002,-72.599998
01066,INVALID,NORTH HATFIELD,MA,42.400002,-72.599998
01360,STANDARD,NO FIELD,MA,42.700001,-72.430000
01360,STANDARD,N FIELD,MA,42.700001,-72.430000
01360,STANDARD,NORTHFIELD,MA,42.700001,-72.430000
02764,STANDARD,N DIGHTON,MA,41.849998,-71.150002
02764,STANDARD,NORTH DIGHTON,MA,41.849998,-71.150002
02763,STANDARD,NORTH ATTLEBORO,MA,41.970001,-71.300003
02763,STANDARD,N ATTLEBORO,MA,41.970001,-71.300003
02763,STANDARD,ATTLEBORO FLS,MA,41.970001,-71.300003
02763,STANDARD,ATTLEBORO FALLS,MA,41.970001,-71.300003
02762,STANDARD,NORTH ATTLEBORO,MA,42.000000,-71.330002
02762,STANDARD,N ATTLEBORO,MA,42.000000,-71.330002
02762,STANDARD,PLAINVILLE,MA,42.000000,-71.330002
02761,INVALID,N ATTLEBORO,MA,41.970001,-71.330002
02761,INVALID,NORTH ATTLEBORO,MA,41.970001,-71.330002
02760,STANDARD,NO ATTLEBORO,MA,41.970001,-71.330002
02760,STANDARD,N ATTLEBORO,MA,41.970001,-71.330002
02760,STANDARD,NORTH ATTLEBORO,MA,41.970001,-71.330002
01063,UNIQUE,SMITH COLLEGE,MA,42.320000,-72.669998
01063,UNIQUE,NORTH HAMPTON,MA,42.320000,-72.669998
01063,UNIQUE,NORTHAMPTON,MA,42.320000,-72.669998
01061,INVALID,NORTH HAMPTON,MA,42.320000,-72.669998
01061,INVALID,NORTHAMPTON,MA,42.320000,-72.669998
01060,STANDARD,NORTH HAMPTON,MA,42.320000,-72.669998
01060,STANDARD,NORTHAMPTON,MA,42.320000,-72.669998
01247,STANDARD,NO ADAMS,MA,42.680000,-73.110001
01247,STANDARD,N ADAMS,MA,42.680000,-73.110001
01247,STANDARD,FLORIDA,MA,42.680000,-73.110001
01247,STANDARD,CLARKSBURG,MA,42.680000,-73.110001
01247,STANDARD,NORTH ADAMS,MA,42.680000,-73.110001
02748,STANDARD,PADANARAM THE PACKET,MA,41.549999,-70.980003
02748,STANDARD,S DARTMOUTH,MA,41.549999,-70.980003
02748,STANDARD,NONQUITT,MA,41.549999,-70.980003
02748,STANDARD,DARTMOUTH,MA,41.549999,-70.980003
02748,STANDARD,SOUTH DARTMOUTH,MA,41.549999,-70.980003
02747,STANDARD,N DARTMOUTH,MA,41.639999,-71.000000
02747,STANDARD,DARTMOUTH,MA,41.639999,-71.000000
02747,STANDARD,NORTH DARTMOUTH,MA,41.639999,-71.000000
02746,STANDARD,NEW BEDFORD,MA,41.660000,-70.930000
02745,STANDARD,ACUSHNET,MA,41.660000,-70.930000
02745,STANDARD,NEW BEDFORD,MA,41.660000,-70.930000
02744,STANDARD,NEW BEDFORD,MA,41.660000,-70.930000
02743,STANDARD,NEW BEDFORD,MA,41.680000,-70.900002
02743,STANDARD,ACUSHNET,MA,41.680000,-70.900002
02742,INVALID,NEW BEDFORD,MA,41.660000,-70.930000
02741,INVALID,NEW BEDFORD,MA,41.660000,-70.930000
02740,STANDARD,NEW BEDFORD,MA,41.660000,-70.930000
02714,INVALID,DARTMOUTH,MA,41.560001,-71.000000
01245,STANDARD,WEST OTIS,MA,42.180000,-73.209999
01245,STANDARD,MONTEREY,MA,42.180000,-73.209999
01351,STANDARD,MONTAGUE,MA,42.529999,-72.529999
01057,STANDARD,MONSON,MA,42.090000,-72.309998
01244,INVALID,MILL RIVER,MA,42.119999,-73.269997
01243,INVALID,MIDDLEFIELD,MA,42.349998,-73.010002
02739,STANDARD,MATTAPOISETT,MA,41.660000,-70.800003
02738,STANDARD,MARION,MA,41.700001,-70.760002
01056,STANDARD,LUDLOW,MA,42.160000,-72.480003
01054,STANDARD,NORTH LEVERETT,MA,42.450001,-72.500000
01054,STANDARD,EAST LEVERETT,MA,42.450001,-72.500000
01054,STANDARD,LEVERETT,MA,42.450001,-72.500000
01242,INVALID,LENOX DALE,MA,42.360001,-73.269997
01240,STANDARD,LENOX,MA,42.349998,-73.279999
01053,STANDARD,LEEDS,MA,42.349998,-72.709999
01264,INVALID,LEE,MA,42.240002,-73.190002
01264,INVALID,TYRINGHAM,MA,42.240002,-73.190002
01238,STANDARD,W BECKET,MA,42.299999,-73.250000
01238,STANDARD,LEE,MA,42.299999,-73.250000
01237,STANDARD,LANESBOROUGH,MA,42.509998,-73.220001
01237,STANDARD,NEW ASHFORD,MA,42.509998,-73.220001
01237,STANDARD,HANCOCK,MA,42.509998,-73.220001
01237,STANDARD,LANESBORO,MA,42.509998,-73.220001
01224,STANDARD,LANESBORO,MA,42.509998,-73.190002
01224,STANDARD,BERKSHIRE,MA,42.509998,-73.190002
01347,INVALID,LAKE PLEASANT,MA,42.529999,-72.540001
01050,STANDARD,SOUTH WORTHINGTON,MA,42.230000,-72.879997
01050,STANDARD,NORTH CHESTER,MA,42.230000,-72.879997
01050,STANDARD,KNIGHTVILLE,MA,42.230000,-72.879997
01050,STANDARD,HNTGTN,MA,42.230000,-72.879997
01050,STANDARD,CRESCENT MILLS,MA,42.230000,-72.879997
01050,STANDARD,MONTGOMERY,MA,42.230000,-72.879997
01050,STANDARD,HUNTINGTON,MA,42.230000,-72.879997
01236,STANDARD,HOUSATONIC,MA,42.250000,-73.360001
01041,INVALID,HALYOKE,MA,42.209999,-72.639999
01041,INVALID,HOLYOKE,MA,42.209999,-72.639999
01040,STANDARD,HALYOKE,MA,42.209999,-72.639999
01040,STANDARD,HOLYOKE,MA,42.209999,-72.639999
01235,STANDARD,PERU,MA,42.419998,-73.070000
01235,STANDARD,HINSDALE,MA,42.419998,-73.070000
01039,STANDARD,WEST WHATELY,MA,42.389999,-72.699997
01039,STANDARD,HAYDENVILLE,MA,42.389999,-72.699997
01088,STANDARD,W HATFIELD,MA,42.389999,-72.639999
01088,STANDARD,WEST HATFIELD,MA,42.389999,-72.639999
01038,STANDARD,WEST HATFIELD,MA,42.369999,-72.599998
01038,STANDARD,HATFIELD,MA,42.369999,-72.599998
01037,INVALID,HARDWICK,MA,42.349998,-72.199997
01036,STANDARD,HAMPTON,MA,42.060001,-72.410004
01036,STANDARD,HAMPDEN,MA,42.060001,-72.410004
01035,STANDARD,NORTH HADLEY,MA,42.349998,-72.580002
01035,STANDARD,HADLEY,MA,42.349998,-72.580002
01302,INVALID,GREENFIELD,MA,42.580002,-72.589996
01301,STANDARD,LEYDEN,MA,42.580002,-72.589996
01301,STANDARD,GREENFIELD,MA,42.580002,-72.589996
01230,STANDARD,VAN DEUSENVILLE,MA,42.189999,-73.349998
01230,STANDARD,RISINGDALE,MA,42.189999,-73.349998
01230,STANDARD,HARTSVILLE,MA,42.189999,-73.349998
01230,STANDARD,BERKSHIRE HEIGHTS,MA,42.189999,-73.349998
01230,STANDARD,ALFORD,MA,42.189999,-73.349998
01230,STANDARD,SIMONS ROCK,MA,42.189999,-73.349998
01230,STANDARD,NORTH EGREMONT,MA,42.189999,-73.349998
01230,STANDARD,NEW MARLBOROUGH,MA,42.189999,-73.349998
01230,STANDARD,NEW MARLBOROU,MA,42.189999,-73.349998
01230,STANDARD,NEW MARLBORO,MA,42.189999,-73.349998
01230,STANDARD,N EGREMONT,MA,42.189999,-73.349998
01230,STANDARD,GT BARRINGTON,MA,42.189999,-73.349998
01230,STANDARD,EGREMONT,MA,42.189999,-73.349998
01230,STANDARD,GREAT BARRINGTON,MA,42.189999,-73.349998
01034,STANDARD,WEST GRANVILLE,MA,42.060001,-72.860001
01034,STANDARD,GRANVILLE CENTER,MA,42.060001,-72.860001
01034,STANDARD,TOLLAND,MA,42.060001,-72.860001
01034,STANDARD,GRANVILLE,MA,42.060001,-72.860001
01033,STANDARD,GRANBY,MA,42.259998,-72.519997
01032,STANDARD,LITHIA,MA,42.430000,-72.800003
01032,STANDARD,GOSHEN,MA,42.430000,-72.800003
01229,INVALID,GLENDALE,MA,42.299999,-73.320000
01031,STANDARD,OLD FURNACE,MA,42.349998,-72.209999
01031,STANDARD,GILBERTVILLE,MA,42.349998,-72.209999
01030,STANDARD,FEEDING HILLS,MA,42.060001,-72.669998
02726,STANDARD,FALL RIVER,MA,41.730000,-71.150002
02726,STANDARD,SOMERSET,MA,41.730000,-71.150002
02725,STANDARD,FALL RIVER,MA,41.730000,-71.150002
02725,STANDARD,SOMERSET,MA,41.730000,-71.150002
02724,STANDARD,FALL RIVER,MA,41.709999,-71.099998
02723,STANDARD,FALL RIVER,MA,41.709999,-71.099998
02722,INVALID,FALL RIVER,MA,41.709999,-71.099998
02721,STANDARD,FALL RIVER,MA,41.709999,-71.099998
02720,STANDARD,FALL RIVER,MA,41.709999,-71.099998
02719,STANDARD,FAIRHAVEN,MA,41.630001,-70.900002
01344,STANDARD,STONEVILLE,MA,42.599998,-72.400002
01344,STANDARD,FARLEY,MA,42.599998,-72.400002
01344,STANDARD,ERVING,MA,42.599998,-72.400002
01029,INVALID,E OTIS,MA,42.169998,-73.029999
01029,INVALID,BIG POND,MA,42.169998,-73.029999
01029,INVALID,EAST OTIS,MA,42.169998,-73.029999
01116,INVALID,EAST LONGMEADOW,MA,42.040001,-72.570000
01116,INVALID,E LONGMEADOW,MA,42.040001,-72.570000
01116,INVALID,LONGMEADOW,MA,42.040001,-72.570000
01106,STANDARD,SPRINGFIELD,MA,42.040001,-72.570000
01106,STANDARD,SPFLD,MA,42.040001,-72.570000
01106,STANDARD,LONGMEADOW,MA,42.040001,-72.570000
01028,STANDARD,E LONGMEADOW,MA,42.060001,-72.510002
01028,STANDARD,EAST LONGMEADOW,MA,42.060001,-72.510002
01062,STANDARD,NORTH HAMPTON,MA,42.320000,-72.669998
01062,STANDARD,NORTHAMPTON,MA,42.320000,-72.669998
01062,STANDARD,BAY STATE VLG,MA,42.320000,-72.669998
01062,STANDARD,BAY STATE VILLAGE,MA,42.320000,-72.669998
01062,STANDARD,FLORENCE,MA,42.320000,-72.669998
01027,STANDARD,LOUDVILLE,MA,42.259998,-72.680000
01027,STANDARD,WESTHAMPTON,MA,42.259998,-72.680000
01027,STANDARD,MOUNT TOM,MA,42.259998,-72.680000
01027,STANDARD,E HAMPTON,MA,42.259998,-72.680000
01027,STANDARD,EASTHAMPTON,MA,42.259998,-72.680000
02717,STANDARD,EAST FREETOWN,MA,41.750000,-70.970001
02715,STANDARD,DIGHTON,MA,41.810001,-71.110001
01342,STANDARD,WEST DEERFIELD,MA,42.549999,-72.599998
01342,STANDARD,EAST DEERFIELD,MA,42.549999,-72.599998
01342,STANDARD,DEERFIELD,MA,42.549999,-72.599998
01227,INVALID,DALTON,MA,42.470001,-73.160004
01226,STANDARD,DALTON,MA,42.470001,-73.160004
02713,INVALID,GOSNOLD,MA,41.450001,-70.800003
02713,INVALID,CUTTYHUNK,MA,41.450001,-70.800003
01026,STANDARD,WEST CUMMINGTON,MA,42.459999,-72.900002
01026,STANDARD,CUMMINGTON,MA,42.459999,-72.900002
01341,STANDARD,CONWAY,MA,42.509998,-72.680000
01340,STANDARD,SHATTUCKVILLE,MA,42.660000,-72.680000
01340,STANDARD,COLRAIN,MA,42.660000,-72.680000
01022,STANDARD,WESTOVER AFB,MA,42.169998,-72.570000
01022,STANDARD,CHICOPEE,MA,42.169998,-72.570000
01021,INVALID,CHICOPEE,MA,42.169998,-72.570000
01020,STANDARD,CHICOPEE,MA,42.169998,-72.570000
01014,INVALID,CHICOPEE,MA,42.169998,-72.570000
01013,STANDARD,WILLIMANSETT,MA,42.169998,-72.570000
01013,STANDARD,CHICOPEE,MA,42.169998,-72.570000
01084,STANDARD,W CHESTERFLD,MA,42.410000,-72.870003
01084,STANDARD,WEST CHESTERFIELD,MA,42.410000,-72.870003
01012,STANDARD,CHESTERFIELD,MA,42.400002,-72.849998
01011,STANDARD,CHESTER,MA,42.279999,-72.980003
01225,STANDARD,CHESHIRE,MA,42.549999,-73.150002
02712,INVALID,NORTON,MA,41.970001,-71.180000
02712,INVALID,CHARTLEY,MA,41.970001,-71.180000
01346,STANDARD,CHARLEMONT,MA,42.660000,-72.830002
01346,STANDARD,HEATH,MA,42.660000,-72.830002
01343,STANDARD,CHARLEMONT,MA,42.680000,-72.980003
01343,STANDARD,DRURY,MA,42.680000,-72.980003
01339,STANDARD,WEST HAWLEY,MA,42.630001,-72.879997
01339,STANDARD,HAWLEY,MA,42.630001,-72.879997
01339,STANDARD,CHARLEMONT,MA,42.630001,-72.879997
01338,STANDARD,BUCKLAND,MA,42.599998,-72.779999
01010,STANDARD,EAST BRIMFIELD,MA,42.110001,-72.199997
01010,STANDARD,BRIMFIELD,MA,42.110001,-72.199997
01009,INVALID,BONDSVILLE,MA,42.200001,-72.339996
01008,STANDARD,BLANDFORD,MA,42.180000,-72.930000
01337,STANDARD,LEYDEN,MA,42.660000,-72.550003
01337,STANDARD,BERNARDSTON,MA,42.660000,-72.550003
01007,STANDARD,BELCHERTOWN,MA,42.270000,-72.400002
01223,STANDARD,SHERWOOD FOREST,MA,42.330002,-73.070000
01223,STANDARD,BECKET CORNERS,MA,42.330002,-73.070000
01223,STANDARD,WASHINGTON,MA,42.330002,-73.070000
01223,STANDARD,BECKET,MA,42.330002,-73.070000
01005,STANDARD,BARRE,MA,42.419998,-72.099998
02703,STANDARD,SOUTH ATTLEBORO,MA,41.930000,-71.290001
02703,STANDARD,S ATTLEBORO,MA,41.930000,-71.290001
02703,STANDARD,ATTLEBORO,MA,41.930000,-71.290001
01368,STANDARD,ATHOL,MA,42.680000,-72.180000
01368,STANDARD,S ROYALSTON,MA,42.680000,-72.180000
01368,STANDARD,ROYALSTON,MA,42.680000,-72.180000
01331,STANDARD,ROYALSTON,MA,42.590000,-72.230003
01331,STANDARD,PHILLIPSTON,MA,42.590000,-72.230003
01331,STANDARD,ATHOL,MA,42.590000,-72.230003
02702,STANDARD,FREETOWN,MA,41.779999,-71.059998
02702,STANDARD,ASSONET,MA,41.779999,-71.059998
01222,STANDARD,ASHLEY FALLS,MA,42.049999,-73.330002
01330,STANDARD,SOUTH ASHFIELD,MA,42.529999,-72.779999
01330,STANDARD,ASHFIELD,MA,42.529999,-72.779999
01059,INVALID,AMHERST,MA,42.400002,-72.519997
01059,INVALID,NORTH AMHERST,MA,42.400002,-72.519997
01004,INVALID,AMHERST,MA,42.369999,-72.519997
01003,INVALID,AMHERST,MA,42.369999,-72.519997
01002,STANDARD,SOUTH AMHERST,MA,42.369999,-72.519997
01002,STANDARD,PELHAM,MA,42.369999,-72.519997
01002,STANDARD,CUSHMAN,MA,42.369999,-72.519997
01002,STANDARD,AMHERST,MA,42.369999,-72.519997
01001,STANDARD,AGAWAM,MA,42.060001,-72.610001
01256,STANDARD,SAVOY,MA,42.560001,-73.019997
01220,STANDARD,ADAMS,MA,42.619999,-73.110001
02347,STANDARD,MIDDLEBORO,MA,41.849998,-70.949997
02347,STANDARD,LAKEVILLE,MA,41.849998,-70.949997
02364,STANDARD,SILVER LAKE,MA,41.990002,-70.709999
02364,STANDARD,ROCKY NOOK,MA,41.990002,-70.709999
02364,STANDARD,KINGSTON,MA,41.990002,-70.709999
02675,STANDARD,YARMOUTHPORT,MA,41.700001,-70.220001
02675,STANDARD,YARMOUTH,MA,41.700001,-70.220001
02675,STANDARD,YARMOUTH PORT,MA,41.700001,-70.220001
02093,STANDARD,WRENTHAM,MA,42.060001,-71.330002
01655,STANDARD,WORCESTER,MA,42.259998,-71.800003
01654,UNIQUE,VERIZON,MA,42.259998,-71.800003
01654,UNIQUE,WORCESTER,MA,42.259998,-71.800003
01653,UNIQUE,ALLMERICA,MA,42.259998,-71.800003
01653,UNIQUE,WORCESTER,MA,42.259998,-71.800003
01615,INVALID,WORCESTER,MA,42.259998,-71.800003
01614,INVALID,WORCESTER,MA,42.259998,-71.800003
01613,INVALID,WORCESTER,MA,42.259998,-71.800003
01612,STANDARD,WORCESTER,MA,42.310001,-71.930000
01612,STANDARD,PAXTON,MA,42.310001,-71.930000
01611,STANDARD,CHERRY VALLEY,MA,42.230000,-71.870003
01610,STANDARD,WORCESTER,MA,42.259998,-71.800003
01609,STANDARD,WORCESTER,MA,42.259998,-71.800003
01608,STANDARD,WORCESTER,MA,42.259998,-71.800003
01607,STANDARD,WORCESTER,MA,42.259998,-71.800003
01606,STANDARD,GREENDALE,MA,42.259998,-71.800003
01606,STANDARD,WORCESTER,MA,42.259998,-71.800003
01605,STANDARD,WORCESTER,MA,42.259998,-71.800003
01604,STANDARD,WORCESTER,MA,42.259998,-71.800003
01603,STANDARD,WEBSTER SQUARE,MA,42.259998,-71.800003
01603,STANDARD,WORCESTER,MA,42.259998,-71.800003
01602,STANDARD,WEST SIDE,MA,42.259998,-71.800003
01602,STANDARD,WORCESTER,MA,42.259998,-71.800003
01601,INVALID,WORCESTER,MA,42.259998,-71.800003
01784,INVALID,WOODVILLE,MA,42.230000,-71.550003
01888,INVALID,WOBURN,MA,42.480000,-71.150002
01815,UNIQUE,BANK OF AMERICA,MA,42.480000,-71.150002
01815,UNIQUE,WOBURN,MA,42.480000,-71.150002
01813,UNIQUE,MELLON FINANCIAL SERVICES,MA,42.480000,-71.150002
01813,UNIQUE,WOBURN,MA,42.480000,-71.150002
01807,UNIQUE,NATIONAL GRID,MA,42.480000,-71.150002
01807,UNIQUE,WOBURN,MA,42.480000,-71.150002
01801,STANDARD,WOBURN,MA,42.480000,-71.150002
01890,STANDARD,WINCHESTER,MA,42.450001,-71.139999
01477,INVALID,WINCHDON SPGS,MA,42.689999,-72.010002
01477,INVALID,WINCHENDON SPRINGS,MA,42.689999,-72.010002
01475,STANDARD,WINCHENDON,MA,42.680000,-72.040001
01887,STANDARD,WILMINGTON,MA,42.549999,-71.160004
02382,STANDARD,WHITMAN,MA,42.080002,-70.930000
01588,STANDARD,LINWOOD,MA,42.110001,-71.669998
01588,STANDARD,WHITINSVILLE,MA,42.110001,-71.669998
02381,INVALID,PLYMOUTH,MA,41.930000,-70.589996
02381,INVALID,WHT HORSE BCH,MA,41.930000,-70.589996
02381,INVALID,WHITE HORSE BEACH,MA,41.930000,-70.589996
02090,STANDARD,ISLINGTON,MA,42.209999,-71.209999
02090,STANDARD,WESTWOOD,MA,42.209999,-71.209999
02576,STANDARD,W WAREHAM,MA,41.779999,-70.750000
02576,STANDARD,WEST WAREHAM,MA,41.779999,-70.750000
01568,STANDARD,WEST UPTON,MA,42.169998,-71.610001
01568,STANDARD,W UPTON,MA,42.169998,-71.610001
01568,STANDARD,UPTON,MA,42.169998,-71.610001
02575,INVALID,TISBURY,MA,41.380001,-70.669998
02575,INVALID,WEST TISBURY,MA,41.380001,-70.669998
01985,STANDARD,WEST NEWBURY,MA,42.799999,-71.000000
01473,STANDARD,WESTMINSTER,MA,42.549999,-71.900002
01441,UNIQUE,TYCO,MA,42.580002,-71.980003
01441,UNIQUE,GARDNER,MA,42.580002,-71.980003
01441,UNIQUE,WESTMINSTER,MA,42.580002,-71.980003
02672,INVALID,W HYANNISPRT,MA,41.660000,-70.330002
02672,INVALID,WEST HYANNISPORT,MA,41.660000,-70.330002
02671,STANDARD,WEST HARWICH,MA,41.669998,-70.110001
01472,INVALID,W GROTON,MA,42.610001,-71.620003
01472,INVALID,WEST GROTON,MA,42.610001,-71.620003
01886,STANDARD,NABNASSET,MA,42.580002,-71.430000
01886,STANDARD,FORGE VILLAGE,MA,42.580002,-71.430000
01886,STANDARD,WESTFORD,MA,42.580002,-71.430000
02574,INVALID,W FALMOUTH,MA,41.599998,-70.639999
02574,INVALID,WEST FALMOUTH,MA,41.599998,-70.639999
02670,STANDARD,W DENNIS,MA,41.660000,-70.160004
02670,STANDARD,WEST DENNIS,MA,41.660000,-70.160004
02669,INVALID,WEST CHATHAM,MA,41.680000,-69.989998
01585,STANDARD,WESTBROOKFIELD,MA,42.230000,-72.139999
01585,STANDARD,W BROOKFIELD,MA,42.230000,-72.139999
01585,STANDARD,WEST BROOKFIELD,MA,42.230000,-72.139999
02379,STANDARD,W BRIDGEWATER,MA,42.009998,-71.000000
02379,STANDARD,WEST BRIDGEWATER,MA,42.009998,-71.000000
01583,STANDARD,WESTBOYLSTON,MA,42.360001,-71.779999
01583,STANDARD,OAKDALE,MA,42.360001,-71.779999
01583,STANDARD,WEST BOYLSTON,MA,42.360001,-71.779999
01885,INVALID,WEST BOXFORD,MA,42.669998,-71.029999
01582,UNIQUE,WESTBORO,MA,42.259998,-71.610001
01582,UNIQUE,NATIONAL GRID CO,MA,42.259998,-71.610001
01582,UNIQUE,WESTBOROUGH,MA,42.259998,-71.610001
01581,STANDARD,WESTBORO,MA,42.259998,-71.610001
01581,STANDARD,WESTBOROUGH,MA,42.259998,-71.610001
01580,UNIQUE,WESTBORO,MA,42.259998,-71.610001
01580,UNIQUE,EMC,MA,42.259998,-71.610001
01580,UNIQUE,WESTBOROUGH,MA,42.259998,-71.610001
02668,STANDARD,W BARNSTABLE,MA,41.700001,-70.370003
02668,STANDARD,W BARNSTBLE,MA,41.700001,-70.370003
02668,STANDARD,WEST BARNSTABLE,MA,41.700001,-70.370003
01984,STANDARD,WENHAM,MA,42.599998,-70.879997
02667,STANDARD,WELLFLEET,MA,41.930000,-70.029999
01571,STANDARD,DUDLEY,MA,42.049999,-71.930000
01570,STANDARD,DUDLEY HILL,MA,42.040001,-71.870003
01570,STANDARD,WEBSTER,MA,42.040001,-71.870003
01778,STANDARD,COCHITUATE,MA,42.360001,-71.360001
01778,STANDARD,WAYLAND,MA,42.360001,-71.360001
02571,STANDARD,WAREHAM,MA,41.759998,-70.709999
02081,STANDARD,WALPOLE,MA,42.130001,-71.239998
01880,STANDARD,WAKEFIELD,MA,42.500000,-71.059998
02573,INVALID,TISBURY,MA,41.450001,-70.599998
02573,INVALID,VINEYARD HVN,MA,41.450001,-70.599998
02573,INVALID,VINEYARD HAVEN,MA,41.450001,-70.599998
02573,INVALID,WEST CHOP,MA,41.450001,-70.599998
02568,STANDARD,WEST TISBURY,MA,41.450001,-70.599998
02568,STANDARD,TISBURY,MA,41.450001,-70.599998
02568,STANDARD,NORTH TISBURY,MA,41.450001,-70.599998
02568,STANDARD,VINEYARD HVN,MA,41.450001,-70.599998
02568,STANDARD,VINEYARD HAVEN,MA,41.450001,-70.599998
01569,STANDARD,UXBRIDGE,MA,42.080002,-71.599998
01879,STANDARD,TYNGSBOROUGH,MA,42.680000,-71.410004
01879,STANDARD,TYNGSBORO,MA,42.680000,-71.410004
02666,INVALID,TRURO,MA,42.000000,-70.059998
01474,STANDARD,W TOWNSEND,MA,42.660000,-71.739998
01474,STANDARD,TOWNSEND,MA,42.660000,-71.739998
01474,STANDARD,WEST TOWNSEND,MA,42.660000,-71.739998
01469,STANDARD,TOWNSEND,MA,42.660000,-71.699997
01983,STANDARD,TOPSFIELD,MA,42.630001,-70.949997
01876,STANDARD,TEWKSBURY,MA,42.610001,-71.230003
01468,STANDARD,TEMPLETON,MA,42.549999,-72.059998
01590,STANDARD,WILKINSONVILLE,MA,42.150002,-71.760002
01590,STANDARD,WILKINSONVILE,MA,42.150002,-71.760002
01590,STANDARD,SUTTON,MA,42.150002,-71.760002
01776,STANDARD,NORTH SUDBURY,MA,42.360001,-71.400002
01776,STANDARD,N SUDBURY,MA,42.360001,-71.400002
01776,STANDARD,SUDBURY,MA,42.360001,-71.400002
01566,STANDARD,STURBRIDGE,MA,42.090000,-72.059998
01518,STANDARD,STURBRIDGE,MA,42.119999,-72.110001
01518,STANDARD,FISKDALE,MA,42.119999,-72.110001
01775,STANDARD,STOW,MA,42.430000,-71.500000
02072,STANDARD,STOUGHTON,MA,42.110001,-71.099998
01467,INVALID,STILL RIVER,MA,42.490002,-71.610001
01564,STANDARD,STERLING JUNCTION,MA,42.430000,-71.750000
01564,STANDARD,STERLING,MA,42.430000,-71.750000
01562,STANDARD,LAMBS GROVE,MA,42.240002,-71.989998
01562,STANDARD,SPENCER,MA,42.240002,-71.989998
02673,STANDARD,YARMOUTH,MA,41.650002,-70.239998
02673,STANDARD,SOUTH YARMOUTH,MA,41.650002,-70.239998
02673,STANDARD,W YARMOUTH,MA,41.650002,-70.239998
02673,STANDARD,WEST YARMOUTH,MA,41.650002,-70.239998
02664,STANDARD,YARMOUTH,MA,41.669998,-70.199997
02664,STANDARD,SO YARMOUTH,MA,41.669998,-70.199997
02664,STANDARD,S YARMOUTH,MA,41.669998,-70.199997
02664,STANDARD,BASS RIVER,MA,41.669998,-70.199997
02664,STANDARD,SOUTH YARMOUTH,MA,41.669998,-70.199997
02663,INVALID,S WELLFLEET,MA,41.889999,-69.980003
02663,INVALID,SOUTH WELLFLEET,MA,41.889999,-69.980003
02071,STANDARD,WALPOLE,MA,42.090000,-71.269997
02071,STANDARD,S WALPOLE,MA,42.090000,-71.269997
02071,STANDARD,SOUTH WALPOLE,MA,42.090000,-71.269997
02662,INVALID,SOUTH ORLEANS,MA,41.750000,-69.989998
01561,INVALID,SO LANCASTER,MA,42.430000,-71.690002
01561,INVALID,S LANCASTER,MA,42.430000,-71.690002
01561,INVALID,SOUTH LANCASTER,MA,42.430000,-71.690002
02661,INVALID,SOUTH HARWICH,MA,41.669998,-70.040001
01982,STANDARD,HAMILTON,MA,42.619999,-70.860001
01982,STANDARD,S HAMILTON,MA,42.619999,-70.860001
01982,STANDARD,SOUTH HAMILTON,MA,42.619999,-70.860001
01560,STANDARD,SAUNDERSVILLE,MA,42.169998,-71.680000
01560,STANDARD,SOUTH GRAFTON,MA,42.169998,-71.680000
02375,STANDARD,SO EASTON,MA,42.029999,-71.099998
02375,STANDARD,S EASTON,MA,42.029999,-71.099998
02375,STANDARD,EASTON,MA,42.029999,-71.099998
02375,STANDARD,SOUTH EASTON,MA,42.029999,-71.099998
02660,STANDARD,S DENNIS,MA,41.700001,-70.150002
02660,STANDARD,SOUTH DENNIS,MA,41.700001,-70.150002
02659,STANDARD,SOUTH CHATHAM,MA,41.680000,-70.019997
02366,INVALID,CARVER,MA,41.830002,-70.720001
02366,INVALID,SOUTH CARVER,MA,41.830002,-70.720001
01550,STANDARD,SANDERSDALE,MA,42.080002,-72.029999
01550,STANDARD,GLOBE VILLAGE,MA,42.080002,-72.029999
01550,STANDARD,SOUTHBRIDGE,MA,42.080002,-72.029999
01772,STANDARD,SOUTHBORO,MA,42.299999,-71.510002
01772,STANDARD,SOUTHBOROUGH,MA,42.299999,-71.510002
01745,STANDARD,SOUTHBORO,MA,42.290001,-71.500000
01745,STANDARD,SOUTHBOROUGH,MA,42.290001,-71.500000
01745,STANDARD,FAYVILLE,MA,42.290001,-71.500000
01546,UNIQUE,CENTRAL MASS P & D CTR,MA,42.299999,-71.709999
01546,UNIQUE,SHREWSBURY,MA,42.299999,-71.709999
01545,STANDARD,EDGEMERE,MA,42.299999,-71.709999
01545,STANDARD,SHREWSBURY,MA,42.299999,-71.709999
01464,STANDARD,SHIRLEY CTR,MA,42.540001,-71.650002
01464,STANDARD,SHIRLEY CENTER,MA,42.540001,-71.650002
01464,STANDARD,SHIRLEY,MA,42.540001,-71.650002
01770,STANDARD,SHERBORN,MA,42.230000,-71.360001
02070,INVALID,WRENTHAM,MA,42.049999,-71.349998
02070,INVALID,SHELDONVILLE,MA,42.049999,-71.349998
02067,STANDARD,SHARON,MA,42.110001,-71.180000
02066,STANDARD,SCITUATE HARBOR,MA,42.180000,-70.730003
02066,STANDARD,SCITUATE CENTER,MA,42.180000,-70.730003
02066,STANDARD,SCITUATE,MA,42.180000,-70.730003
02060,INVALID,SCITUATE,MA,42.209999,-70.760002
02060,INVALID,N SCITUATE,MA,42.209999,-70.760002
02060,INVALID,NORTH SCITUATE,MA,42.209999,-70.760002
02055,INVALID,SCITUATE,MA,42.189999,-70.760002
02055,INVALID,MINOT,MA,42.189999,-70.760002
02040,INVALID,SCITUATE,MA,42.189999,-70.760002
02040,INVALID,GREENBUSH,MA,42.189999,-70.760002
02563,STANDARD,SANDWICH,MA,41.750000,-70.489998
01971,INVALID,SALEM,MA,42.509998,-70.889999
01970,STANDARD,SALEM,MA,42.509998,-70.900002
02562,STANDARD,SAGAMORE BCH,MA,41.790001,-70.529999
02562,STANDARD,SAGAMORE BEACH,MA,41.790001,-70.529999
02561,INVALID,SAGAMORE,MA,41.779999,-70.529999
01543,STANDARD,RUTLAND,MA,42.360001,-71.949997
01969,STANDARD,ROWLEY,MA,42.709999,-70.870003
01966,STANDARD,PIGEON COVE,MA,42.639999,-70.610001
01966,STANDARD,ROCKPORT,MA,42.639999,-70.610001
02370,STANDARD,ROCKLAND,MA,42.130001,-70.910004
01542,STANDARD,ROCHDALE,MA,42.200001,-71.900002
01867,STANDARD,READING,MA,42.529999,-71.099998
02368,STANDARD,RANDOLPH,MA,42.169998,-71.050003
02657,STANDARD,PROVINCETOWN,MA,42.060001,-70.199997
01541,STANDARD,PRINCETON,MA,42.450001,-71.860001
01965,INVALID,PRIDES CRSSNG,MA,42.560001,-70.860001
01965,INVALID,PRIDES CROSSING,MA,42.560001,-70.860001
02559,STANDARD,BOURNE,MA,41.689999,-70.629997
02559,STANDARD,POCASSET,MA,41.689999,-70.629997
02367,STANDARD,PLYMPTON,MA,41.950001,-70.809998
02362,INVALID,PLYMOUTH,MA,41.950001,-70.660004
02361,INVALID,PLYMOUTH,MA,41.950001,-70.660004
02360,STANDARD,CEDARVILLE,MA,41.950001,-70.660004
02360,STANDARD,PLYMOUTH,MA,41.950001,-70.660004
01866,INVALID,PINEHURST,MA,42.529999,-71.230003
01463,STANDARD,EAST PEPPERELL,MA,42.660000,-71.580002
01463,STANDARD,E PEPPERELL,MA,42.660000,-71.580002
01463,STANDARD,PEPPERELL,MA,42.660000,-71.580002
02359,STANDARD,EAST PEMBROKE,MA,42.060001,-70.800003
02359,STANDARD,PEMBROKE,MA,42.060001,-70.800003
01961,INVALID,PEABODY,MA,42.529999,-70.970001
01960,STANDARD,WEST PEABODY,MA,42.529999,-70.970001
01960,STANDARD,PEABODY,MA,42.529999,-70.970001
01540,STANDARD,OXFORD,MA,42.110001,-71.870003
02655,STANDARD,OSTERVILLE,MA,41.619999,-70.379997
02653,STANDARD,ORLEANS,MA,41.790001,-70.000000
02558,INVALID,ONSET,MA,41.740002,-70.660004
02557,STANDARD,OAK BLUFFS,MA,41.450001,-70.559998
01865,INVALID,NUTTINGS LAKE,MA,42.540001,-71.250000
01865,INVALID,NUTTING LAKE,MA,42.540001,-71.250000
02062,STANDARD,NORWOOD,MA,42.180000,-71.190002
02061,STANDARD,NORWELL,MA,42.160000,-70.779999
01538,INVALID,N UXBRIDGE,MA,42.049999,-71.639999
01538,INVALID,NORTH UXBRIDGE,MA,42.049999,-71.639999
02652,INVALID,NORTH TRURO,MA,42.040001,-70.089996
01889,UNIQUE,N READING,MA,42.560001,-71.059998
01889,UNIQUE,MASSACHUSETTS DISTRICT,MA,42.560001,-71.059998
01889,UNIQUE,NORTH READING,MA,42.560001,-71.059998
01864,STANDARD,N READING,MA,42.560001,-71.059998
01864,STANDARD,NORTH READING,MA,42.560001,-71.059998
02358,INVALID,PEMBROKE,MA,42.090000,-70.779999
02358,INVALID,N PEMBROKE,MA,42.090000,-70.779999
02358,INVALID,NORTH PEMBROKE,MA,42.090000,-70.779999
01537,STANDARD,NORTH OXFORD,MA,42.160000,-71.879997
02059,INVALID,MARSHFIELD,MA,42.099998,-70.709999
02059,INVALID,N MARSHFIELD,MA,42.099998,-70.709999
02059,INVALID,NORTH MARSHFIELD,MA,42.099998,-70.709999
01536,STANDARD,NO GRAFTON,MA,42.230000,-71.690002
01536,STANDARD,N GRAFTON,MA,42.230000,-71.690002
01536,STANDARD,NORTH GRAFTON,MA,42.230000,-71.690002
02565,INVALID,NORTH FALMOUTH,MA,41.630001,-70.639999
02565,INVALID,N FALMOUTH,MA,41.630001,-70.639999
02565,INVALID,SILVER BEACH,MA,41.630001,-70.639999
02556,STANDARD,N FALMOUTH,MA,41.639999,-70.629997
02556,STANDARD,NORTH FALMOUTH,MA,41.639999,-70.629997
02357,UNIQUE,STONEHILL COLL,MA,42.049999,-71.099998
02357,UNIQUE,EASTON,MA,42.049999,-71.099998
02357,UNIQUE,STONEHILL COLLEGE,MA,42.049999,-71.099998
02357,UNIQUE,STONEHILL COL,MA,42.049999,-71.099998
02357,UNIQUE,NORTH EASTON,MA,42.049999,-71.099998
02356,STANDARD,NO EASTON,MA,42.049999,-71.099998
02356,STANDARD,N EASTON,MA,42.049999,-71.099998
02356,STANDARD,EASTON,MA,42.049999,-71.099998
02356,STANDARD,NORTH EASTON,MA,42.049999,-71.099998
02651,INVALID,NORTH EASTHAM,MA,41.840000,-69.970001
01863,STANDARD,N CHELMSFORD,MA,42.630001,-71.389999
01863,STANDARD,NORTH CHELMSFORD,MA,42.630001,-71.389999
02650,STANDARD,N CHATHAM,MA,41.700001,-69.949997
02650,STANDARD,NORTH CHATHAM,MA,41.700001,-69.949997
02355,INVALID,EAST CARVER,MA,41.910000,-70.790001
02355,INVALID,CARVER,MA,41.910000,-70.790001
02355,INVALID,NORTH CARVER,MA,41.910000,-70.790001
01535,STANDARD,N BROOKFIELD,MA,42.270000,-72.080002
01535,STANDARD,NORTH BROOKFIELD,MA,42.270000,-72.080002
01534,STANDARD,ROCKDALE,MA,42.150002,-71.650002
01534,STANDARD,NORTHBRIDGE,MA,42.150002,-71.650002
01532,STANDARD,NORTHBORO,MA,42.310001,-71.639999
01532,STANDARD,NORTHBOROUGH,MA,42.310001,-71.639999
01862,STANDARD,BILLERICA,MA,42.570000,-71.290001
01862,STANDARD,N BILLERICA,MA,42.570000,-71.290001
01862,STANDARD,NORTH BILLERICA,MA,42.570000,-71.290001
02351,STANDARD,ABINGTON,MA,42.110001,-70.949997
02056,STANDARD,NORFOLK,MA,42.110001,-71.309998
01952,STANDARD,SALISBURY BEACH,MA,42.830002,-70.839996
01952,STANDARD,SALISBURY BCH,MA,42.830002,-70.839996
01952,STANDARD,SALISBURY,MA,42.830002,-70.839996
01951,STANDARD,PLUM ISLAND,MA,42.799999,-71.000000
01951,STANDARD,NEWBURYPORT,MA,42.799999,-71.000000
01951,STANDARD,NEWBURY,MA,42.799999,-71.000000
01950,STANDARD,PLUM ISLAND,MA,42.810001,-70.879997
01950,STANDARD,NEWBURYPORT,MA,42.810001,-70.879997
01531,STANDARD,NEW BRAINTREE,MA,42.310001,-72.129997
01760,STANDARD,SOUTH NATICK,MA,42.279999,-71.349998
01760,STANDARD,SO NATICK,MA,42.279999,-71.349998
01760,STANDARD,S NATICK,MA,42.279999,-71.349998
01760,STANDARD,NORTH NATICK,MA,42.279999,-71.349998
01760,STANDARD,NO NATICK,MA,42.279999,-71.349998
01760,STANDARD,N NATICK,MA,42.279999,-71.349998
01760,STANDARD,NATICK,MA,42.279999,-71.349998
02584,INVALID,NANTUCKET,MA,41.270000,-70.099998
02564,INVALID,SCONSET,MA,41.270000,-70.000000
02564,INVALID,NANTUCKET,MA,41.270000,-70.000000
02564,INVALID,SIASCONSET,MA,41.270000,-70.000000
02554,STANDARD,NANTUCKET,MA,41.270000,-70.099998
02553,INVALID,MONUMENT BCH,MA,41.709999,-70.599998
02553,INVALID,MONUMENT BEACH,MA,41.709999,-70.599998
02350,INVALID,HANSON,MA,42.020000,-70.839996
02350,INVALID,MONPONSETT,MA,42.020000,-70.839996
01529,STANDARD,MILLVILLE,MA,42.029999,-71.580002
02054,STANDARD,MILLIS,MA,42.160000,-71.349998
01586,INVALID,MILLBURY,MA,42.189999,-71.760002
01586,INVALID,WEST MILLBURY,MA,42.189999,-71.760002
01527,STANDARD,EAST MILLBURY,MA,42.189999,-71.760002
01527,STANDARD,MILLBURY,MA,42.189999,-71.760002
01757,STANDARD,MILFORD,MA,42.139999,-71.510002
01949,STANDARD,MIDDLETON,MA,42.599998,-71.010002
02349,UNIQUE,OCEAN SPRAY,MA,41.860001,-70.900002
02349,UNIQUE,MIDDLEBOROUGH,MA,41.860001,-70.900002
02349,UNIQUE,MIDDLEBORO,MA,41.860001,-70.900002
02348,UNIQUE,TALBOTS,MA,41.860001,-70.900002
02348,UNIQUE,LAKEVILLE PHANTOM,MA,41.860001,-70.900002
02348,UNIQUE,MIDDLEBOROUGH,MA,41.860001,-70.900002
02348,UNIQUE,MIDDLEBORO,MA,41.860001,-70.900002
02348,UNIQUE,LAKEVILLE,MA,41.860001,-70.900002
02346,STANDARD,MIDDLEBOROUGH,MA,41.860001,-70.900002
02346,STANDARD,MIDDLEBORO,MA,41.860001,-70.900002
02344,UNIQUE,AETNA LIFE & CASUALTY CO,MA,41.860001,-70.900002
02344,UNIQUE,MIDDLEBOROUGH,MA,41.860001,-70.900002
02344,UNIQUE,MIDDLEBORO,MA,41.860001,-70.900002
01860,STANDARD,MERRIMAC,MA,42.830002,-71.000000
01756,STANDARD,MENDON,MA,42.099998,-71.550003
02053,STANDARD,MEDWAY,MA,42.130001,-71.400002
02052,STANDARD,MEDFIELD,MA,42.180000,-71.300003
01754,STANDARD,MAYNARD,MA,42.419998,-71.449997
02649,STANDARD,SOUTH MASHPEE,MA,41.650002,-70.480003
02649,STANDARD,NEW SEABURY,MA,41.650002,-70.480003
02649,STANDARD,MASHPEE,MA,41.650002,-70.480003
02648,STANDARD,MARSTONS MLS,MA,41.669998,-70.400002
02648,STANDARD,MARSTONS MILLS,MA,41.669998,-70.400002
02051,INVALID,MARSHFIELD,MA,42.150002,-70.730003
02051,INVALID,MARSHFLD HLS,MA,42.150002,-70.730003
02051,INVALID,MARSHFIELD HILLS,MA,42.150002,-70.730003
02065,INVALID,MARSHFIELD,MA,42.099998,-70.709999
02065,INVALID,OCEAN BLUFF,MA,42.099998,-70.709999
02050,STANDARD,MARSHFIELD,MA,42.090000,-70.699997
01752,STANDARD,MARLBORO,MA,42.340000,-71.540001
01752,STANDARD,MARLBOROUGH,MA,42.340000,-71.540001
01945,STANDARD,MHEAD,MA,42.500000,-70.849998
01945,STANDARD,MARBLEHEAD,MA,42.500000,-70.849998
02048,STANDARD,MANSFIELD,MA,42.020000,-71.209999
02345,INVALID,PLYMOUTH,MA,41.919998,-70.559998
02345,INVALID,MANOMET,MA,41.919998,-70.559998
01944,STANDARD,MANCHESTER BY THE SEA,MA,42.560001,-70.760002
01944,STANDARD,MANCHESTER,MA,42.560001,-70.760002
01526,INVALID,MANCHAUG,MA,42.119999,-71.760002
01940,STANDARD,SOUTH LYNNFIELD,MA,42.529999,-71.040001
01940,STANDARD,LYNNFIELD,MA,42.529999,-71.040001
01910,UNIQUE,GENERAL ELEC CO,MA,42.470001,-70.959999
01910,UNIQUE,LYNN,MA,42.470001,-70.959999
01908,STANDARD,NAHANT,MA,42.419998,-70.919998
01907,STANDARD,SWAMPSCOTT,MA,42.459999,-70.889999
01906,STANDARD,SAUGUS,MA,42.459999,-71.010002
01905,STANDARD,WEST LYNN,MA,42.470001,-70.959999
01905,STANDARD,LYNN,MA,42.470001,-70.959999
01904,STANDARD,EAST LYNN,MA,42.470001,-70.959999
01904,STANDARD,LYNN,MA,42.470001,-70.959999
01903,INVALID,LYNN,MA,42.470001,-70.959999
01902,STANDARD,LYNN,MA,42.470001,-70.959999
01901,STANDARD,LYNN,MA,42.470001,-70.959999
01462,STANDARD,LUNENBURG,MA,42.590000,-71.720001
01854,STANDARD,LOWELL,MA,42.630001,-71.320000
01853,INVALID,LOWELL,MA,42.630001,-71.320000
01852,STANDARD,LOWELL,MA,42.630001,-71.320000
01851,STANDARD,LOWELL,MA,42.630001,-71.320000
01850,STANDARD,LOWELL,MA,42.630001,-71.320000
01460,STANDARD,PINGRYVILLE,MA,42.529999,-71.470001
01460,STANDARD,LITTLETON,MA,42.529999,-71.470001
01525,INVALID,LINWOOD,MA,42.049999,-71.639999
01773,STANDARD,LINCOLN CENTER,MA,42.410000,-71.300003
01773,STANDARD,LINCOLN,MA,42.410000,-71.300003
01453,STANDARD,LEOMINSTER,MA,42.509998,-71.769997
01524,STANDARD,LEICESTER,MA,42.250000,-71.900002
01845,STANDARD,N ANDOVER,MA,42.700001,-71.110001
01845,STANDARD,NORTH ANDOVER,MA,42.700001,-71.110001
01844,STANDARD,METHUEN,MA,42.709999,-71.180000
01843,STANDARD,SOUTH LAWRENCE,MA,42.700001,-71.160004
01843,STANDARD,S LAWRENCE,MA,42.700001,-71.160004
01843,STANDARD,LAWRENCE,MA,42.700001,-71.160004
01842,INVALID,LAWRENCE,MA,42.700001,-71.160004
01841,STANDARD,LAWRENCE,MA,42.700001,-71.160004
01840,STANDARD,LAWRENCE,MA,42.700001,-71.160004
01523,STANDARD,NORTH LANCASTER,MA,42.450001,-71.660004
01523,STANDARD,LANCASTER,MA,42.450001,-71.660004
01522,STANDARD,JEFFERSON,MA,42.380001,-71.870003
01938,STANDARD,IPSWICH,MA,42.669998,-70.830002
02647,INVALID,HYANNIS PORT,MA,41.639999,-70.300003
02601,STANDARD,HYANNIS,MA,41.650002,-70.290001
02047,INVALID,MARSHFIELD,MA,42.189999,-70.760002
02047,INVALID,HUMAROCK,MA,42.189999,-70.760002
02045,STANDARD,NANTASKET BEACH,MA,42.299999,-70.900002
02045,STANDARD,HULL,MA,42.299999,-70.900002
01749,STANDARD,HUDSON,MA,42.389999,-71.559998
01452,STANDARD,HUBBARDSTON,MA,42.480000,-72.010002
01748,STANDARD,HOPKINTON,MA,42.220001,-71.519997
01747,STANDARD,HOPEDALE,MA,42.119999,-71.540001
01746,STANDARD,HOLLISTON,MA,42.200001,-71.430000
01520,STANDARD,HOLDEN,MA,42.349998,-71.849998
02343,STANDARD,HOLBROOK,MA,42.139999,-71.000000
02044,UNIQUE,SHARED FIRM ZIP CODE,MA,42.230000,-70.879997
02044,UNIQUE,HINGHAM,MA,42.230000,-70.879997
02043,STANDARD,ACCORD,MA,42.230000,-70.879997
02043,STANDARD,HINGHAM,MA,42.230000,-70.879997
02018,INVALID,NORWELL,MA,42.169998,-70.879997
02018,INVALID,HINGHAM,MA,42.169998,-70.879997
02018,INVALID,ACCORD,MA,42.169998,-70.879997
01835,STANDARD,WARD HILL,MA,42.779999,-71.080002
01835,STANDARD,BRADFORD,MA,42.779999,-71.080002
01835,STANDARD,HAVERHILL,MA,42.779999,-71.080002
01834,STANDARD,GROVELAND,MA,42.750000,-71.029999
01833,STANDARD,HAVERHILL,MA,42.730000,-70.980003
01833,STANDARD,GEORGETOWN,MA,42.730000,-70.980003
01832,STANDARD,HAVERHILL,MA,42.779999,-71.080002
01831,INVALID,HAVERHILL,MA,42.779999,-71.080002
01830,STANDARD,HAVERHILL,MA,42.779999,-71.080002
01937,INVALID,HATHORNE,MA,42.570000,-70.949997
02646,STANDARD,HARWICHPORT,MA,41.660000,-70.059998
02646,STANDARD,HARWICH PORT,MA,41.660000,-70.059998
02645,STANDARD,HARDWICH,MA,41.689999,-70.070000
02645,STANDARD,EAST HARWICH,MA,41.689999,-70.070000
02645,STANDARD,E HARWICH,MA,41.689999,-70.070000
02645,STANDARD,HARWICH,MA,41.689999,-70.070000
01451,STANDARD,HARVARD,MA,42.500000,-71.580002
02341,STANDARD,HANSON,MA,42.060001,-70.849998
02340,UNIQUE,WEARGUARD,MA,42.110001,-70.809998
02340,UNIQUE,HANOVER,MA,42.110001,-70.809998
02339,STANDARD,WEST HANOVER,MA,42.110001,-70.809998
02339,STANDARD,ASSINIPPI,MA,42.110001,-70.809998
02339,STANDARD,HANOVER,MA,42.110001,-70.809998
01936,INVALID,HAMILTON,MA,42.610001,-70.860001
02338,STANDARD,HALIFAX,MA,41.980000,-70.860001
01471,UNIQUE,NEW ENGLAND BUSINESS SVC INC,MA,42.599998,-71.570000
01471,UNIQUE,GROTON,MA,42.599998,-71.570000
01470,UNIQUE,NEW ENGLAND BUSINESS,MA,42.599998,-71.570000
01470,UNIQUE,GROTON,MA,42.599998,-71.570000
01450,STANDARD,GROTON,MA,42.599998,-71.570000
02041,INVALID,MARSHFIELD,MA,42.099998,-70.709999
02041,INVALID,GREEN HARBOR,MA,42.099998,-70.709999
01519,STANDARD,HASSANAMISCO INDIAN RESERVAT,MA,42.200001,-71.680000
01519,STANDARD,GRAFTON,MA,42.200001,-71.680000
01931,INVALID,GLOUCESTER,MA,42.619999,-70.660004
01930,STANDARD,MAGNOLIA,MA,42.619999,-70.660004
01930,STANDARD,GLOUCESTER,MA,42.619999,-70.660004
01440,STANDARD,GARDNER,MA,42.580002,-71.980003
02038,STANDARD,FRANKLIN,MA,42.080002,-71.379997
01705,INVALID,FRAMINGHAM,MA,42.299999,-71.430000
01704,INVALID,FRAMINGHAM,MA,42.299999,-71.430000
01703,INVALID,FRAMINGHAM,MA,42.299999,-71.430000
01702,STANDARD,FRAMINGHAM,MA,42.299999,-71.430000
01701,STANDARD,SAXONVILLE,MA,42.299999,-71.430000
01701,STANDARD,FRAMINGHAM SO,MA,42.299999,-71.430000
01701,STANDARD,FRAMINGHAM CENTER,MA,42.299999,-71.430000
01701,STANDARD,FRAMINGHAM,MA,42.299999,-71.430000
02035,STANDARD,FOXBOROUGH,MA,42.060001,-71.239998
02035,STANDARD,FOXBORO,MA,42.060001,-71.239998
02644,STANDARD,SANDWICH,MA,41.680000,-70.500000
02644,STANDARD,FORESTDALE,MA,41.680000,-70.500000
01420,STANDARD,FITCHBURG,MA,42.580002,-71.809998
01521,STANDARD,HALLAND,MA,42.049999,-72.150002
01521,STANDARD,FISKDALE,MA,42.049999,-72.150002
01521,STANDARD,HOLLAND,MA,42.049999,-72.150002
02543,STANDARD,WOODSHOLE,MA,41.520000,-70.660004
02543,STANDARD,FALMOUTH,MA,41.520000,-70.660004
02543,STANDARD,WOODS HOLE,MA,41.520000,-70.660004
02541,INVALID,FALMOUTH,MA,41.540001,-70.599998
02540,STANDARD,FALMOUTH,MA,41.560001,-70.620003
01929,STANDARD,ESSEX,MA,42.630001,-70.769997
02337,INVALID,EAST BRIDGEWATER,MA,42.009998,-70.959999
02337,INVALID,ELMWOOD,MA,42.009998,-70.959999
02539,STANDARD,CHAPPAQUIDDICK ISLAND,MA,41.380001,-70.529999
02539,STANDARD,EDGARTOWN,MA,41.380001,-70.529999
02538,STANDARD,E WAREHAM,MA,41.770000,-70.639999
02538,STANDARD,EAST WAREHAM,MA,41.770000,-70.639999
02032,STANDARD,WALPOLE,MA,42.150002,-71.209999
02032,STANDARD,E WALPOLE,MA,42.150002,-71.209999
02032,STANDARD,EAST WALPOLE,MA,42.150002,-71.209999
01438,INVALID,E TEMPLETON,MA,42.529999,-72.050003
01438,INVALID,EAST TEMPLETON,MA,42.529999,-72.050003
02537,STANDARD,E SANDWICH,MA,41.730000,-70.430000
02537,STANDARD,EAST SANDWICH,MA,41.730000,-70.430000
01517,INVALID,E PRINCETON,MA,42.459999,-71.889999
01517,INVALID,EAST PRINCETON,MA,42.459999,-71.889999
02643,INVALID,EAST ORLEANS,MA,41.740002,-69.980003
02334,INVALID,EASTON,MA,42.029999,-71.099998
02642,STANDARD,EASTHAM,MA,41.830002,-69.959999
02536,STANDARD,WAQUOIT,MA,41.560001,-70.550003
02536,STANDARD,TEATICKET,MA,41.560001,-70.550003
02536,STANDARD,HATCHVILLE,MA,41.560001,-70.550003
02536,STANDARD,EA FALMOUTH,MA,41.560001,-70.550003
02536,STANDARD,E FALMOUTH,MA,41.560001,-70.550003
02536,STANDARD,EAST FALMOUTH,MA,41.560001,-70.550003
01516,STANDARD,EAST DOUGLAS,MA,42.049999,-71.730003
01516,STANDARD,DOUGLAS,MA,42.049999,-71.730003
02641,INVALID,E DENNIS,MA,41.740002,-70.150002
02641,INVALID,EAST DENNIS,MA,41.740002,-70.150002
01515,STANDARD,E BROOKFIELD,MA,42.220001,-72.040001
01515,STANDARD,EAST BROOKFIELD,MA,42.220001,-72.040001
02333,STANDARD,E BRIDGEWTR,MA,42.029999,-70.949997
02333,STANDARD,E BRIDGEWATER,MA,42.029999,-70.949997
02333,STANDARD,EAST BRIDGEWATER,MA,42.029999,-70.949997
02332,STANDARD,DUXBURY,MA,42.040001,-70.669998
02331,INVALID,DUXBURY,MA,42.040001,-70.669998
01827,STANDARD,DUNSTABLE,MA,42.660000,-71.480003
01826,STANDARD,DRACUT,MA,42.660000,-71.300003
02030,STANDARD,DOVER,MA,42.240002,-71.269997
02639,STANDARD,DENNISPORT,MA,41.660000,-70.129997
02639,STANDARD,DENNIS PORT,MA,41.660000,-70.129997
02638,STANDARD,DENNIS,MA,41.730000,-70.199997
02027,INVALID,DEDHAM,MA,42.240002,-71.169998
02026,STANDARD,DEDHAM,MA,42.240002,-71.169998
01923,STANDARD,DANVERS,MA,42.570000,-70.949997
02637,INVALID,CUMMAQUID,MA,41.700001,-70.239998
02635,STANDARD,COTUIT,MA,41.619999,-70.440002
01742,STANDARD,WEST CONCORD,MA,42.450001,-71.349998
01742,STANDARD,W CONCORD,MA,42.450001,-71.349998
01742,STANDARD,CONCORD,MA,42.450001,-71.349998
02025,STANDARD,COHASSET,MA,42.230000,-70.800003
01510,STANDARD,CLINTON,MA,42.410000,-71.680000
02552,INVALID,CHILMARK,MA,41.340000,-70.730003
02552,INVALID,MENEMSHA,MA,41.340000,-70.730003
02535,STANDARD,GAY HEAD,MA,41.340000,-70.739998
02535,STANDARD,AQUINNAH,MA,41.340000,-70.739998
02535,STANDARD,CHILMARK,MA,41.340000,-70.739998
01824,STANDARD,S CHELMSFORD,MA,42.590000,-71.360001
01824,STANDARD,KATES CORNER,MA,42.590000,-71.360001
01824,STANDARD,CHELMSFORD,MA,42.590000,-71.360001
02633,STANDARD,CHATHAM,MA,41.669998,-69.959999
01508,INVALID,RICHARDSON CORNERS,MA,42.130001,-71.959999
01508,INVALID,CHARLTON CITY,MA,42.130001,-71.959999
01509,INVALID,CHARLTON DPT,MA,42.130001,-71.959999
01509,INVALID,CHARLTON DEPT,MA,42.130001,-71.959999
01509,INVALID,CHARLTON DEPOT,MA,42.130001,-71.959999
01507,STANDARD,CHARLTON,MA,42.130001,-71.959999
02634,INVALID,BARNSTABLE,MA,41.660000,-70.339996
02634,INVALID,CENTERVILLE,MA,41.660000,-70.339996
02632,STANDARD,CENTERVILLE,MA,41.660000,-70.339996
02534,INVALID,CATAUMET,MA,41.660000,-70.610001
02330,STANDARD,CARVER,MA,41.880001,-70.760002
01741,STANDARD,CARLISLE,MA,42.529999,-71.349998
02021,STANDARD,CANTON,MA,42.150002,-71.129997
02238,INVALID,HARVARD SQUARE,MA,42.369999,-71.110001
02238,INVALID,HARVARD SQ,MA,42.369999,-71.110001
02238,INVALID,CAMBRIDGE,MA,42.369999,-71.110001
02142,STANDARD,KENDALL SQUARE,MA,42.369999,-71.110001
02142,STANDARD,CAMBRIDGE,MA,42.369999,-71.110001
02141,STANDARD,EAST CAMBRIDGE,MA,42.369999,-71.110001
02141,STANDARD,E CAMBRIDGE,MA,42.369999,-71.110001
02141,STANDARD,CAMBRIDGE,MA,42.369999,-71.110001
02140,STANDARD,PORTER SQUARE,MA,42.369999,-71.110001
02140,STANDARD,NORTH CAMBRIDGE,MA,42.369999,-71.110001
02140,STANDARD,N CAMBRIDGE,MA,42.369999,-71.110001
02140,STANDARD,CAMBRIDGE,MA,42.369999,-71.110001
02139,STANDARD,INMAN SQUARE,MA,42.369999,-71.110001
02139,STANDARD,CAMBRIDGEPORT,MA,42.369999,-71.110001
02139,STANDARD,CAMBRIDGE,MA,42.369999,-71.110001
02138,STANDARD,CAMBRIDGE,MA,42.369999,-71.110001
01922,STANDARD,NEWBURY,MA,42.750000,-70.930000
01922,STANDARD,BYFIELD,MA,42.750000,-70.930000
02542,STANDARD,OTIS ANG,MA,41.750000,-70.610001
02542,STANDARD,OTIS AIR NATIONAL GUARD,MA,41.750000,-70.610001
02542,STANDARD,OTIS A F B,MA,41.750000,-70.610001
02542,STANDARD,OTIS ANGB,MA,41.750000,-70.610001
02542,STANDARD,BUZZARDS BAY,MA,41.750000,-70.610001
02532,STANDARD,BOURNE,MA,41.750000,-70.610001
02532,STANDARD,BUZZARDS BAY,MA,41.750000,-70.610001
01805,UNIQUE,LAHEY CLINIC MED CTR,MA,42.500000,-71.199997
01805,UNIQUE,BURLINGTON,MA,42.500000,-71.199997
01803,STANDARD,BURLINGTON,MA,42.500000,-71.199997
02327,INVALID,PEMBROKE,MA,42.060001,-70.800003
02327,INVALID,BRYANTVILLE,MA,42.060001,-70.800003
01506,STANDARD,BROOKFIELD,MA,42.209999,-72.099998
02305,INVALID,BROCKTON,MA,42.080002,-71.019997
02304,INVALID,BROCKTON,MA,42.080002,-71.019997
02303,INVALID,BROCKTON,MA,42.080002,-71.019997
02302,STANDARD,BROCKTON,MA,42.080002,-71.019997
02301,STANDARD,BROCKTON,MA,42.080002,-71.019997
02325,UNIQUE,BRIDGEWATER STATE COLLEGE,MA,41.980000,-70.970001
02325,UNIQUE,BRIDGEWATER,MA,41.980000,-70.970001
02324,STANDARD,BRIDGEWATER,MA,41.980000,-70.970001
02631,STANDARD,BREWSTER,MA,41.759998,-70.080002
02020,INVALID,MARSHFIELD,MA,42.080002,-70.639999
02020,INVALID,BRANT ROCK,MA,42.080002,-70.639999
01505,STANDARD,MORNINGDALE,MA,42.349998,-71.730003
01505,STANDARD,BOYLSTON,MA,42.349998,-71.730003
01921,STANDARD,BOXFORD,MA,42.669998,-70.980003
02298,INVALID,BOSTON,MA,42.340000,-71.050003
02297,UNIQUE,CASH MANAGEMENT,MA,42.349998,-71.059998
02297,UNIQUE,BOSTON,MA,42.349998,-71.059998
02295,UNIQUE,JOHN HANCOCK MUTUAL INS,MA,42.349998,-71.059998
02295,UNIQUE,BOSTON,MA,42.349998,-71.059998
02293,UNIQUE,FIDELITY SERVICE COMPANY,MA,42.349998,-71.059998
02293,UNIQUE,BOSTON,MA,42.349998,-71.059998
02284,STANDARD,BOSTON,MA,42.349998,-71.059998
02283,STANDARD,BOSTON,MA,42.349998,-71.059998
02266,UNIQUE,BOSTON FINANCIAL DATA SERVIC,MA,42.349998,-71.059998
02266,UNIQUE,BOSTON,MA,42.349998,-71.059998
02241,UNIQUE,FLEET BANK BOSTON,MA,42.349998,-71.059998
02241,UNIQUE,BANK OF AMERICA,MA,42.349998,-71.059998
02241,UNIQUE,BOSTON,MA,42.349998,-71.059998
02228,INVALID,BOSTON,MA,42.349998,-71.059998
02228,INVALID,EAST BOSTON,MA,42.349998,-71.059998
02222,STANDARD,BOSTON,MA,42.349998,-71.059998
02217,UNIQUE,JOHN HANCOCK P O BOX 505,MA,42.349998,-71.059998
02217,UNIQUE,BOSTON,MA,42.349998,-71.059998
02215,STANDARD,KENMORE,MA,42.349998,-71.059998
02215,STANDARD,BOSTON UNIVERSITY,MA,42.349998,-71.059998
02215,STANDARD,BOSTON,MA,42.349998,-71.059998
02212,UNIQUE,BANK OF AMERICA,MA,42.349998,-71.059998
02212,UNIQUE,BOSTON,MA,42.349998,-71.059998
02211,UNIQUE,BANK OF AMERICA,MA,42.349998,-71.059998
02211,UNIQUE,BOSTON,MA,42.349998,-71.059998
02210,STANDARD,BOSTON,MA,42.349998,-71.059998
02206,UNIQUE,STATE STREET CORPORATION,MA,42.349998,-71.059998
02206,UNIQUE,BOSTON,MA,42.349998,-71.059998
02205,INVALID,BOSTON,MA,42.349998,-71.059998
02204,UNIQUE,MASSACHUSETTS TAX,MA,42.349998,-71.059998
02204,UNIQUE,MASS TAX,MA,42.349998,-71.059998
02204,UNIQUE,BOSTON,MA,42.349998,-71.059998
02203,STANDARD,BOSTON,MA,42.349998,-71.059998
02201,UNIQUE,BOSTON CITY HALL,MA,42.349998,-71.059998
02201,UNIQUE,BOSTON,MA,42.349998,-71.059998
02199,STANDARD,BOSTON,MA,42.349998,-71.059998
02196,INVALID,BOSTON,MA,42.349998,-71.059998
02163,STANDARD,SOLDIERS FIELD,MA,42.349998,-71.059998
02163,STANDARD,CAMBRIDGE,MA,42.349998,-71.059998
02163,STANDARD,BOSTON,MA,42.349998,-71.059998
02137,INVALID,HYDE PARK,MA,42.250000,-71.120003
02137,INVALID,BOSTON,MA,42.250000,-71.120003
02137,INVALID,READVILLE,MA,42.250000,-71.120003
02136,STANDARD,READVILLE,MA,42.259998,-71.110001
02136,STANDARD,BOSTON,MA,42.259998,-71.110001
02136,STANDARD,HYDE PARK,MA,42.259998,-71.110001
02135,STANDARD,BOSTON,MA,42.349998,-71.150002
02135,STANDARD,BRIGHTON,MA,42.349998,-71.150002
02134,STANDARD,BOSTON,MA,42.349998,-71.129997
02134,STANDARD,ALLSTON,MA,42.349998,-71.129997
02133,STANDARD,BOSTON,MA,42.349998,-71.059998
02132,STANDARD,W ROXBURY,MA,42.279999,-71.160004
02132,STANDARD,BOSTON,MA,42.279999,-71.160004
02132,STANDARD,WEST ROXBURY,MA,42.279999,-71.160004
02131,STANDARD,BOSTON,MA,42.279999,-71.129997
02131,STANDARD,ROSLINDALE,MA,42.279999,-71.129997
02130,STANDARD,BOSTON,MA,42.299999,-71.110001
02130,STANDARD,JAMAICA PLAIN,MA,42.299999,-71.110001
02129,STANDARD,BOSTON,MA,42.380001,-71.059998
02129,STANDARD,CHARLESTOWN,MA,42.380001,-71.059998
02128,STANDARD,E BOSTON,MA,42.349998,-71.059998
02128,STANDARD,EAST BOSTON,MA,42.349998,-71.059998
02128,STANDARD,BOSTON,MA,42.349998,-71.059998
02127,STANDARD,S BOSTON,MA,42.349998,-71.059998
02127,STANDARD,SOUTH BOSTON,MA,42.349998,-71.059998
02127,STANDARD,BOSTON,MA,42.349998,-71.059998
02126,STANDARD,HYDE PARK,MA,42.259998,-71.099998
02126,STANDARD,BOSTON,MA,42.259998,-71.099998
02126,STANDARD,MATTAPAN,MA,42.259998,-71.099998
02125,STANDARD,UPHAMS CORNER,MA,42.349998,-71.059998
02125,STANDARD,BOSTON,MA,42.349998,-71.059998
02125,STANDARD,DORCHESTER,MA,42.349998,-71.059998
02124,STANDARD,DORCHESTR CTR,MA,42.349998,-71.059998
02124,STANDARD,DORCHESTER,MA,42.349998,-71.059998
02124,STANDARD,BOSTON,MA,42.349998,-71.059998
02124,STANDARD,DORCHESTER CENTER,MA,42.349998,-71.059998
02123,INVALID,BOSTON,MA,42.349998,-71.059998
02122,STANDARD,BOSTON,MA,42.349998,-71.059998
02122,STANDARD,DORCHESTER,MA,42.349998,-71.059998
02121,STANDARD,GROVE HALL,MA,42.349998,-71.059998
02121,STANDARD,BOSTON,MA,42.349998,-71.059998
02121,STANDARD,DORCHESTER,MA,42.349998,-71.059998
02120,STANDARD,ROXBURY XING,MA,42.349998,-71.059998
02120,STANDARD,ROXBURY,MA,42.349998,-71.059998
02120,STANDARD,MISSION HILL,MA,42.349998,-71.059998
02120,STANDARD,BOSTON,MA,42.349998,-71.059998
02120,STANDARD,ROXBURY CROSSING,MA,42.349998,-71.059998
02119,STANDARD,BOSTON,MA,42.349998,-71.059998
02119,STANDARD,ROXBURY,MA,42.349998,-71.059998
02118,STANDARD,ROXBURY,MA,42.349998,-71.059998
02118,STANDARD,BOSTON,MA,42.349998,-71.059998
02117,INVALID,BOSTON,MA,42.349998,-71.059998
02116,STANDARD,BOSTON,MA,42.349998,-71.059998
02115,STANDARD,BOSTON,MA,42.349998,-71.059998
02114,STANDARD,BOSTON,MA,42.349998,-71.059998
02113,STANDARD,BOSTON,MA,42.349998,-71.059998
02112,INVALID,BOSTON,MA,42.349998,-71.059998
02111,STANDARD,BOSTON,MA,42.349998,-71.059998
02110,STANDARD,BOSTON,MA,42.349998,-71.059998
02109,STANDARD,BOSTON,MA,42.349998,-71.059998
02108,STANDARD,BOSTON,MA,42.349998,-71.059998
01740,STANDARD,BOLTON,MA,42.430000,-71.599998
01504,STANDARD,MILLERVILLE,MA,42.009998,-71.500000
01504,STANDARD,EAST BLACKSTONE,MA,42.009998,-71.500000
01504,STANDARD,E BLACKSTONE,MA,42.009998,-71.500000
01504,STANDARD,BLACKSTONE,MA,42.009998,-71.500000
01822,INVALID,BILLERICA,MA,42.549999,-71.260002
01821,STANDARD,BILLERICA,MA,42.549999,-71.260002
01915,STANDARD,BEVERLY FARMS,MA,42.549999,-70.839996
01915,STANDARD,BEVERLY,MA,42.549999,-70.839996
01503,STANDARD,BERLIN,MA,42.380001,-71.629997
02019,STANDARD,BELLINGHAM,MA,42.090000,-71.470001
01731,STANDARD,BEDFORD,MA,42.459999,-71.279999
01731,STANDARD,HANSCOM AFB,MA,42.459999,-71.279999
01730,STANDARD,BEDFORD,MA,42.480000,-71.260002
02630,STANDARD,BARNSTABLE,MA,41.700001,-70.300003
01436,STANDARD,OTTER RIVER,MA,42.599998,-72.070000
01436,STANDARD,BALDWINVILLE,MA,42.599998,-72.070000
01434,STANDARD,AYER,MA,42.529999,-71.610001
01434,STANDARD,DEVENS,MA,42.529999,-71.610001
01432,STANDARD,FT DEVENS,MA,42.560001,-71.580002
01432,STANDARD,FORT DEVENS,MA,42.560001,-71.580002
01432,STANDARD,DEVENS,MA,42.560001,-71.580002
01432,STANDARD,AYER,MA,42.560001,-71.580002
02322,STANDARD,AVON,MA,42.110001,-71.029999
01501,STANDARD,AUBURN,MA,42.200001,-71.830002
01721,STANDARD,ASHLAND,MA,42.250000,-71.459999
01431,STANDARD,ASHBY,MA,42.680000,-71.809998
01430,STANDARD,SOUTH ASHBURNHAM,MA,42.630001,-71.900002
01430,STANDARD,ASHBURNHAM,MA,42.630001,-71.900002
05544,UNIQUE,IRS SERVICE CENTER,MA,42.650002,-71.139999
05544,UNIQUE,ANDOVER,MA,42.650002,-71.139999
05501,UNIQUE,IRS SERVICE CENTER,MA,42.650002,-71.139999
05501,UNIQUE,ANDOVER,MA,42.650002,-71.139999
01899,UNIQUE,BAR CODED I R S,MA,42.650002,-71.139999
01899,UNIQUE,ANDOVER,MA,42.650002,-71.139999
01812,UNIQUE,INTERNAL REVENUE SERVICE,MA,42.650002,-71.139999
01812,UNIQUE,ANDOVER,MA,42.650002,-71.139999
01810,STANDARD,ANDOVER,MA,42.650002,-71.139999
01913,STANDARD,AMESBURY,MA,42.849998,-70.919998
02180,STANDARD,STONEHAM,MA,42.470001,-71.089996
02145,STANDARD,WINTER HILL,MA,42.389999,-71.099998
02145,STANDARD,SOMERVILLE,MA,42.389999,-71.099998
02144,STANDARD,WEST SOMERVILLE,MA,42.389999,-71.099998
02144,STANDARD,W SOMERVILLE,MA,42.389999,-71.099998
02144,STANDARD,SOMERVILLE,MA,42.389999,-71.099998
02143,STANDARD,EAST SOMERVILLE,MA,42.389999,-71.099998
02143,STANDARD,E SOMERVILLE,MA,42.389999,-71.099998
02143,STANDARD,SOMERVILLE,MA,42.389999,-71.099998
02156,INVALID,W MEDFORD,MA,42.419998,-71.129997
02156,INVALID,MEDFORD,MA,42.419998,-71.129997
02156,INVALID,WEST MEDFORD,MA,42.419998,-71.129997
02155,STANDARD,WEST MEDFORD,MA,42.419998,-71.099998
02155,STANDARD,W MEDFORD,MA,42.419998,-71.099998
02155,STANDARD,MEDFORD,MA,42.419998,-71.099998
02153,INVALID,TUFTS UNIVERSITY,MA,42.419998,-71.099998
02153,INVALID,TUFTS UNIV,MA,42.419998,-71.099998
02153,INVALID,MEDFORD,MA,42.419998,-71.099998
02176,STANDARD,MELROSE,MA,42.450001,-71.050003
02148,STANDARD,MALDEN,MA,42.430000,-71.050003
02151,STANDARD,REVERE BEACH,MA,42.410000,-70.989998
02151,STANDARD,BEACHMONT,MA,42.410000,-70.989998
02151,STANDARD,REVERE,MA,42.410000,-70.989998
02152,STANDARD,WINTHROP,MA,42.369999,-70.980003
02149,STANDARD,EVERETT,MA,42.400002,-71.050003
02150,STANDARD,CHELSEA,MA,42.389999,-71.029999
02476,STANDARD,ARLINGTON,MA,42.410000,-71.160004
02475,INVALID,ARLINGTON,MA,42.410000,-71.180000
02475,INVALID,ARLINGTON HTS,MA,42.410000,-71.180000
02475,INVALID,ARLINGTON HEIGHTS,MA,42.410000,-71.180000
02474,STANDARD,EAST ARLINGTON,MA,42.410000,-71.160004
02474,STANDARD,E ARLINGTON,MA,42.410000,-71.160004
02474,STANDARD,ARLINGTON,MA,42.410000,-71.160004
01720,STANDARD,WEST ACTON,MA,42.480000,-71.459999
01720,STANDARD,W ACTON,MA,42.480000,-71.459999
01720,STANDARD,ACTON,MA,42.480000,-71.459999
01719,STANDARD,BOXBORO,MA,42.500000,-71.500000
01719,STANDARD,ACTON,MA,42.500000,-71.500000
01719,STANDARD,BOXBOROUGH,MA,42.500000,-71.500000
01718,STANDARD,VLG OF NAGOG WOODS,MA,42.509998,-71.410004
01718,STANDARD,VLG NAGOG WDS,MA,42.509998,-71.410004
01718,STANDARD,ACTON,MA,42.509998,-71.410004
01718,STANDARD,VILLAGE OF NAGOG WOODS,MA,42.509998,-71.410004
02191,STANDARD,WEYMOUTH,MA,42.200001,-70.940002
02191,STANDARD,N WEYMOUTH,MA,42.200001,-70.940002
02191,STANDARD,NORTH WEYMOUTH,MA,42.200001,-70.940002
02190,STANDARD,WEYMOUTH NAS,MA,42.200001,-70.940002
02190,STANDARD,WEYMOUTH,MA,42.200001,-70.940002
02190,STANDARD,S WEYMOUTH,MA,42.200001,-70.940002
02190,STANDARD,SOUTH WEYMOUTH,MA,42.200001,-70.940002
02189,STANDARD,WEYMOUTH,MA,42.200001,-70.940002
02189,STANDARD,EAST WEYMOUTH,MA,42.200001,-70.940002
02188,STANDARD,WEYMOUTH LNDG,MA,42.200001,-70.940002
02188,STANDARD,WEYMOUTH,MA,42.200001,-70.940002
02269,INVALID,QUINCY,MA,42.259998,-71.000000
02171,STANDARD,NORFOLK DOWNS,MA,42.259998,-71.000000
02171,STANDARD,NO QUINCY,MA,42.259998,-71.000000
02171,STANDARD,N QUINCY,MA,42.259998,-71.000000
02171,STANDARD,MARINA BAY,MA,42.259998,-71.000000
02171,STANDARD,SQUANTUM,MA,42.259998,-71.000000
02171,STANDARD,NORTH QUINCY,MA,42.259998,-71.000000
02171,STANDARD,QUINCY,MA,42.259998,-71.000000
02170,STANDARD,WOLLASTON,MA,42.259998,-71.000000
02170,STANDARD,QUINCY,MA,42.259998,-71.000000
02169,STANDARD,WEST QUINCY,MA,42.259998,-71.000000
02169,STANDARD,SOUTH QUINCY,MA,42.259998,-71.000000
02169,STANDARD,QUINCY CENTER,MA,42.259998,-71.000000
02169,STANDARD,HOUGHS NECK,MA,42.259998,-71.000000
02169,STANDARD,QUINCY,MA,42.259998,-71.000000
02187,INVALID,MILTON VLG,MA,42.259998,-71.080002
02187,INVALID,MILTON VILLAGE,MA,42.259998,-71.080002
02186,STANDARD,EAST MILTON,MA,42.240002,-71.080002
02186,STANDARD,MILTON,MA,42.240002,-71.080002
02185,INVALID,BRAINTREE PHANTOM,MA,42.200001,-71.000000
02185,INVALID,BRAINTREE,MA,42.200001,-71.000000
02184,STANDARD,EAST BRAINTREE,MA,42.200001,-71.000000
02184,STANDARD,E BRAINTREE,MA,42.200001,-71.000000
02184,STANDARD,BRAINTREE HLD,MA,42.200001,-71.000000
02184,STANDARD,BRAINTREE HIGHLANDS,MA,42.200001,-71.000000
02184,STANDARD,BRAINTREE,MA,42.200001,-71.000000
02493,STANDARD,STONY BROOK,MA,42.360001,-71.260002
02493,STANDARD,SILVER HILL,MA,42.360001,-71.260002
02493,STANDARD,KENDAL GREEN,MA,42.360001,-71.260002
02493,STANDARD,HASTINGS,MA,42.360001,-71.260002
02493,STANDARD,CHERRY BROOK,MA,42.360001,-71.260002
02493,STANDARD,WESTON,MA,42.360001,-71.260002
02482,STANDARD,WELLESLEY,MA,42.299999,-71.279999
02481,STANDARD,WELLESLEY FMS,MA,42.310001,-71.269997
02481,STANDARD,WELLESLEY HLS,MA,42.310001,-71.269997
02481,STANDARD,WELLESLEY,MA,42.310001,-71.269997
02481,STANDARD,WELLESLEY HILLS,MA,42.310001,-71.269997
02457,INVALID,WELLESLEY,MA,42.290001,-71.260002
02457,INVALID,BABSON PARK,MA,42.290001,-71.260002
02477,UNIQUE,FIELD PREMIUM INC,MA,42.360001,-71.169998
02477,UNIQUE,WATERTOWN,MA,42.360001,-71.169998
02472,STANDARD,EAST WATERTOWN,MA,42.360001,-71.169998
02472,STANDARD,E WATERTOWN,MA,42.360001,-71.169998
02472,STANDARD,WATERTOWN,MA,42.360001,-71.169998
02471,INVALID,WATERTOWN FINANCIAL,MA,42.360001,-71.169998
02471,INVALID,WATERTOWN,MA,42.360001,-71.169998
02455,INVALID,WALTHAM,MA,42.389999,-71.220001
02455,INVALID,NORTH WALTHAM,MA,42.389999,-71.220001
02454,INVALID,WALTHAM,MA,42.380001,-71.239998
02453,STANDARD,SOUTH WALTHAM,MA,42.380001,-71.239998
02453,STANDARD,WALTHAM,MA,42.380001,-71.239998
02452,STANDARD,NORTH WALTHAM,MA,42.380001,-71.239998
02452,STANDARD,WALTHAM,MA,42.380001,-71.239998
02451,STANDARD,NORTH WALTHAM,MA,42.380001,-71.239998
02451,STANDARD,WALTHAM,MA,42.380001,-71.239998
02495,INVALID,NEWTON,MA,42.330002,-71.199997
02495,INVALID,NONANTUM,MA,42.330002,-71.199997
02468,STANDARD,NEWTON,MA,42.320000,-71.230003
02468,STANDARD,WABAN,MA,42.320000,-71.230003
02467,STANDARD,NEWTON,MA,42.310001,-71.160004
02467,STANDARD,BROOKLINE,MA,42.310001,-71.160004
02467,STANDARD,BOSTON COLLEGE,MA,42.310001,-71.160004
02467,STANDARD,BOSTON CLG,MA,42.310001,-71.160004
02467,STANDARD,CHESTNUT HILL,MA,42.310001,-71.160004
02466,STANDARD,NEWTON,MA,42.340000,-71.239998
02466,STANDARD,AUBURNDALE,MA,42.340000,-71.239998
02465,STANDARD,W NEWTON,MA,42.349998,-71.220001
02465,STANDARD,NEWTON,MA,42.349998,-71.220001
02465,STANDARD,WEST NEWTON,MA,42.349998,-71.220001
02464,STANDARD,NEWTON U F,MA,42.310001,-71.220001
02464,STANDARD,NEWTON,MA,42.310001,-71.220001
02464,STANDARD,NEWTON UPPER FALLS,MA,42.310001,-71.220001
02462,STANDARD,NEWTONVILLE,MA,42.330002,-71.250000
02462,STANDARD,NEWTON L F,MA,42.330002,-71.250000
02462,STANDARD,NEWTON,MA,42.330002,-71.250000
02462,STANDARD,NEWTON LOWER FALLS,MA,42.330002,-71.250000
02461,STANDARD,NEWTON HLDS,MA,42.310001,-71.199997
02461,STANDARD,NEWTON,MA,42.310001,-71.199997
02461,STANDARD,NEWTON HIGHLANDS,MA,42.310001,-71.199997
02460,STANDARD,NEWTON,MA,42.349998,-71.199997
02460,STANDARD,NEWTONVILLE,MA,42.349998,-71.199997
02459,STANDARD,NEWTON CTR,MA,42.310001,-71.190002
02459,STANDARD,NEWTON CNTR,MA,42.310001,-71.190002
02459,STANDARD,NEWTON CENTRE,MA,42.310001,-71.190002
02459,STANDARD,NEWTON,MA,42.310001,-71.190002
02459,STANDARD,NEWTON CENTER,MA,42.310001,-71.190002
02458,STANDARD,RIVERSIDE,MA,42.330002,-71.199997
02458,STANDARD,NEWTONVILLE,MA,42.330002,-71.199997
02458,STANDARD,NEWTON,MA,42.330002,-71.199997
02456,INVALID,NEWTON,MA,42.330002,-71.199997
02456,INVALID,NEW TOWN,MA,42.330002,-71.199997
02494,STANDARD,NEEDHAM HGTS,MA,42.279999,-71.239998
02494,STANDARD,NEEDHAM,MA,42.279999,-71.239998
02494,STANDARD,NEEDHAM HEIGHTS,MA,42.279999,-71.239998
02492,STANDARD,NEEDHAM JCT,MA,42.279999,-71.239998
02492,STANDARD,NEEDHAM,MA,42.279999,-71.239998
02421,STANDARD,LEXINGTON,MA,42.439999,-71.230003
02420,STANDARD,LEXINGTON,MA,42.439999,-71.230003
02447,INVALID,BROOKLINE,MA,42.330002,-71.129997
02447,INVALID,BROOKLINE VLG,MA,42.330002,-71.129997
02447,INVALID,BROOKLINE VILLAGE,MA,42.330002,-71.129997
02446,STANDARD,BROOKLINE,MA,42.320000,-71.139999
02445,STANDARD,BROOKLINE,MA,42.320000,-71.139999
02479,INVALID,BELMONT,MA,42.389999,-71.169998
02479,INVALID,WAVERLEY,MA,42.389999,-71.169998
02478,STANDARD,BELMONT,MA,42.389999,-71.180000
